"",seasonName,eventId,matchDate,matchTime,Venue,Attendance,HomeTeam,AwayTeam,HomeTeamScore,AwayTeamScore,homeTeamWinner,awayTeamWinner,Description
0,2024-25 English Premier League,704279,2024-08-16,15:00,Old Trafford,73297,Manchester United,Fulham,1,0,True,False,Full Time
1,2024-25 English Premier League,704280,2024-08-17,07:30,Portman Road,30014,Ipswich Town,Liverpool,0,2,False,True,Full Time
2,2024-25 English Premier League,704281,2024-08-17,10:00,Emirates Stadium,60261,Arsenal,Wolverhampton Wanderers,2,0,True,False,Full Time
3,2024-25 English Premier League,704282,2024-08-17,10:00,Goodison Park,39217,Everton,Brighton & Hove Albion,0,3,False,True,Full Time
4,2024-25 English Premier League,704283,2024-08-17,10:00,St. James' Park,52196,Newcastle United,Southampton,1,0,True,False,Full Time
5,2024-25 English Premier League,704284,2024-08-17,10:00,The City Ground,29763,Nottingham Forest,AFC Bournemouth,1,1,False,False,Full Time
6,2024-25 English Premier League,704285,2024-08-17,12:30,London Stadium,62463,West Ham United,Aston Villa,1,2,False,True,Full Time
7,2024-25 English Premier League,704286,2024-08-18,09:00,Gtech Community Stadium,16988,Brentford,Crystal Palace,2,1,True,False,Full Time
8,2024-25 English Premier League,704287,2024-08-18,11:30,Stamford Bridge,39818,Chelsea,Manchester City,0,2,False,True,Full Time
9,2024-25 English Premier League,704288,2024-08-19,15:00,King Power Stadium,31977,Leicester City,Tottenham Hotspur,1,1,False,False,Full Time
10,2024-25 English Premier League,704291,2024-08-24,07:30,American Express Stadium,31537,Brighton & Hove Albion,Manchester United,2,1,True,False,Full Time
11,2024-25 English Premier League,704292,2024-08-24,10:00,Selhurst Park,25099,Crystal Palace,West Ham United,0,2,False,True,Full Time
12,2024-25 English Premier League,704293,2024-08-24,10:00,Craven Cottage,25401,Fulham,Leicester City,2,1,True,False,Full Time
13,2024-25 English Premier League,704295,2024-08-24,10:00,Etihad Stadium,53147,Manchester City,Ipswich Town,4,1,True,False,Full Time
14,2024-25 English Premier League,704296,2024-08-24,10:00,St. Mary's Stadium,31150,Southampton,Nottingham Forest,0,1,False,True,Full Time
15,2024-25 English Premier League,704297,2024-08-24,10:00,Tottenham Hotspur Stadium,61357,Tottenham Hotspur,Everton,4,0,True,False,Full Time
16,2024-25 English Premier League,704289,2024-08-24,12:30,Villa Park,41587,Aston Villa,Arsenal,0,2,False,True,Full Time
17,2024-25 English Premier League,704290,2024-08-25,09:00,Vitality Stadium,11161,AFC Bournemouth,Newcastle United,1,1,False,False,Full Time
18,2024-25 English Premier League,704298,2024-08-25,09:00,Molineux Stadium,31235,Wolverhampton Wanderers,Chelsea,2,6,False,True,Full Time
19,2024-25 English Premier League,704294,2024-08-25,11:30,Anfield,60107,Liverpool,Brentford,2,0,True,False,Full Time
20,2024-25 English Premier League,704299,2024-08-31,07:30,Emirates Stadium,60326,Arsenal,Brighton & Hove Albion,1,1,False,False,Full Time
21,2024-25 English Premier League,704300,2024-08-31,10:00,Gtech Community Stadium,16955,Brentford,Southampton,3,1,True,False,Full Time
22,2024-25 English Premier League,704302,2024-08-31,10:00,Goodison Park,38805,Everton,AFC Bournemouth,2,3,False,True,Full Time
23,2024-25 English Premier League,704303,2024-08-31,10:00,The City Ground,29918,Nottingham Forest,Wolverhampton Wanderers,1,1,False,False,Full Time
24,2024-25 English Premier League,704304,2024-08-31,10:00,King Power Stadium,31725,Leicester City,Aston Villa,1,2,False,True,Full Time
25,2024-25 English Premier League,704308,2024-08-31,10:00,Portman Road,29517,Ipswich Town,Fulham,1,1,False,False,Full Time
26,2024-25 English Premier League,704307,2024-08-31,12:30,London Stadium,62469,West Ham United,Manchester City,1,3,False,True,Full Time
27,2024-25 English Premier League,704301,2024-09-01,08:30,Stamford Bridge,39298,Chelsea,Crystal Palace,1,1,False,False,Full Time
28,2024-25 English Premier League,704306,2024-09-01,08:30,St. James' Park,52211,Newcastle United,Tottenham Hotspur,2,1,True,False,Full Time
29,2024-25 English Premier League,704305,2024-09-01,11:00,Old Trafford,73738,Manchester United,Liverpool,0,3,False,True,Full Time
30,2024-25 English Premier League,704316,2024-09-14,07:30,St. Mary's Stadium,31144,Southampton,Manchester United,0,3,False,True,Full Time
31,2024-25 English Premier League,704311,2024-09-14,10:00,American Express Stadium,41573,Brighton & Hove Albion,Ipswich Town,0,0,False,False,Full Time
32,2024-25 English Premier League,704312,2024-09-14,10:00,Selhurst Park,25124,Crystal Palace,Leicester City,2,2,False,False,Full Time
33,2024-25 English Premier League,704313,2024-09-14,10:00,Craven Cottage,26528,Fulham,West Ham United,1,1,False,False,Full Time
34,2024-25 English Premier League,704314,2024-09-14,10:00,Anfield,60344,Liverpool,Nottingham Forest,0,1,False,True,Full Time
35,2024-25 English Premier League,704315,2024-09-14,10:00,Etihad Stadium,52148,Manchester City,Brentford,2,1,True,False,Full Time
36,2024-25 English Premier League,704309,2024-09-14,12:30,Villa Park,41573,Aston Villa,Everton,3,2,True,False,Full Time
37,2024-25 English Premier League,704310,2024-09-14,15:00,Vitality Stadium,11235,AFC Bournemouth,Chelsea,0,1,False,True,Full Time
38,2024-25 English Premier League,704317,2024-09-15,09:00,Tottenham Hotspur Stadium,61645,Tottenham Hotspur,Arsenal,0,1,False,True,Full Time
39,2024-25 English Premier League,704318,2024-09-15,11:30,Molineux Stadium,30255,Wolverhampton Wanderers,Newcastle United,1,2,False,True,Full Time
40,2024-25 English Premier League,704328,2024-09-21,07:30,London Stadium,62473,West Ham United,Chelsea,0,3,False,True,Full Time
41,2024-25 English Premier League,704319,2024-09-21,10:00,Villa Park,39978,Aston Villa,Wolverhampton Wanderers,3,1,True,False,Full Time
42,2024-25 English Premier League,704322,2024-09-21,10:00,Craven Cottage,25700,Fulham,Newcastle United,3,1,True,False,Full Time
43,2024-25 English Premier League,704323,2024-09-21,10:00,King Power Stadium,31765,Leicester City,Everton,1,1,False,False,Full Time
44,2024-25 English Premier League,704324,2024-09-21,10:00,Anfield,60347,Liverpool,AFC Bournemouth,3,0,True,False,Full Time
45,2024-25 English Premier League,704326,2024-09-21,10:00,St. Mary's Stadium,31117,Southampton,Ipswich Town,1,1,False,False,Full Time
46,2024-25 English Premier League,704327,2024-09-21,10:00,Tottenham Hotspur Stadium,61246,Tottenham Hotspur,Brentford,3,1,True,False,Full Time
47,2024-25 English Premier League,704321,2024-09-21,12:30,Selhurst Park,25172,Crystal Palace,Manchester United,0,0,False,False,Full Time
48,2024-25 English Premier League,704320,2024-09-22,09:00,American Express Stadium,31444,Brighton & Hove Albion,Nottingham Forest,2,2,False,False,Full Time
49,2024-25 English Premier League,704325,2024-09-22,11:30,Etihad Stadium,52846,Manchester City,Arsenal,2,2,False,False,Full Time
50,2024-25 English Premier League,704336,2024-09-28,07:30,St. James' Park,52248,Newcastle United,Manchester City,1,1,False,False,Full Time
51,2024-25 English Premier League,704329,2024-09-28,10:00,Emirates Stadium,60323,Arsenal,Leicester City,4,2,True,False,Full Time
52,2024-25 English Premier League,704331,2024-09-28,10:00,Gtech Community Stadium,17050,Brentford,West Ham United,1,1,False,False,Full Time
53,2024-25 English Premier League,704332,2024-09-28,10:00,Stamford Bridge,39495,Chelsea,Brighton & Hove Albion,4,2,True,False,Full Time
54,2024-25 English Premier League,704333,2024-09-28,10:00,The City Ground,30139,Nottingham Forest,Fulham,0,1,False,True,Full Time
55,2024-25 English Premier League,704338,2024-09-28,10:00,Goodison Park,38954,Everton,Crystal Palace,2,1,True,False,Full Time
56,2024-25 English Premier League,704337,2024-09-28,12:30,Molineux Stadium,31413,Wolverhampton Wanderers,Liverpool,1,2,False,True,Full Time
57,2024-25 English Premier League,704334,2024-09-29,09:00,Portman Road,29943,Ipswich Town,Aston Villa,2,2,False,False,Full Time
58,2024-25 English Premier League,704335,2024-09-29,11:30,Old Trafford,73587,Manchester United,Tottenham Hotspur,0,3,False,True,Full Time
59,2024-25 English Premier League,704330,2024-09-30,15:00,Vitality Stadium,11243,AFC Bournemouth,Southampton,3,1,True,False,Full Time
60,2024-25 English Premier League,704345,2024-10-05,07:30,Selhurst Park,25185,Crystal Palace,Liverpool,0,1,False,True,Full Time
61,2024-25 English Premier League,704339,2024-10-05,10:00,King Power Stadium,31706,Leicester City,AFC Bournemouth,1,0,True,False,Full Time
62,2024-25 English Premier League,704343,2024-10-05,10:00,Emirates Stadium,60307,Arsenal,Southampton,3,1,True,False,Full Time
63,2024-25 English Premier League,704344,2024-10-05,10:00,London Stadium,62467,West Ham United,Ipswich Town,4,1,True,False,Full Time
64,2024-25 English Premier League,704346,2024-10-05,10:00,Gtech Community Stadium,16960,Brentford,Wolverhampton Wanderers,5,3,True,False,Full Time
65,2024-25 English Premier League,704348,2024-10-05,10:00,Etihad Stadium,52719,Manchester City,Fulham,3,2,True,False,Full Time
66,2024-25 English Premier League,704340,2024-10-05,12:30,Goodison Park,39265,Everton,Newcastle United,0,0,False,False,Full Time
67,2024-25 English Premier League,704342,2024-10-06,09:00,Stamford Bridge,39501,Chelsea,Nottingham Forest,1,1,False,False,Full Time
68,2024-25 English Premier League,704347,2024-10-06,09:00,Villa Park,42682,Aston Villa,Manchester United,0,0,False,False,Full Time
69,2024-25 English Premier League,704341,2024-10-06,11:30,American Express Stadium,31487,Brighton & Hove Albion,Tottenham Hotspur,3,2,True,False,Full Time
70,2024-25 English Premier League,704353,2024-10-19,07:30,Tottenham Hotspur Stadium,61381,Tottenham Hotspur,West Ham United,4,1,True,False,Full Time
71,2024-25 English Premier League,704349,2024-10-19,10:00,St. Mary's Stadium,31145,Southampton,Leicester City,2,3,False,True,Full Time
72,2024-25 English Premier League,704352,2024-10-19,10:00,Old Trafford,73738,Manchester United,Brentford,2,1,True,False,Full Time
73,2024-25 English Premier League,704356,2024-10-19,10:00,Craven Cottage,26743,Fulham,Aston Villa,1,3,False,True,Full Time
74,2024-25 English Premier League,704357,2024-10-19,10:00,St. James' Park,52220,Newcastle United,Brighton & Hove Albion,0,1,False,True,Full Time
75,2024-25 English Premier League,704355,2024-10-19,10:15,Portman Road,29862,Ipswich Town,Everton,0,2,False,True,Full Time
76,2024-25 English Premier League,704351,2024-10-19,12:30,Vitality Stadium,11235,AFC Bournemouth,Arsenal,2,0,True,False,Full Time
77,2024-25 English Premier League,704358,2024-10-20,09:00,Molineux Stadium,31319,Wolverhampton Wanderers,Manchester City,1,2,False,True,Full Time
78,2024-25 English Premier League,704354,2024-10-20,11:30,Anfield,60277,Liverpool,Chelsea,2,1,True,False,Full Time
79,2024-25 English Premier League,704350,2024-10-21,15:00,The City Ground,29443,Nottingham Forest,Crystal Palace,1,0,True,False,Full Time
80,2024-25 English Premier League,704362,2024-10-25,15:00,King Power Stadium,31879,Leicester City,Nottingham Forest,1,3,False,True,Full Time
81,2024-25 English Premier League,704363,2024-10-26,10:00,Etihad Stadium,52844,Manchester City,Southampton,1,0,True,False,Full Time
82,2024-25 English Premier League,704364,2024-10-26,10:00,Gtech Community Stadium,17109,Brentford,Ipswich Town,4,3,True,False,Full Time
83,2024-25 English Premier League,704365,2024-10-26,10:00,American Express Stadium,31480,Brighton & Hove Albion,Wolverhampton Wanderers,2,2,False,False,Full Time
84,2024-25 English Premier League,704368,2024-10-26,10:00,Villa Park,42165,Aston Villa,AFC Bournemouth,1,1,False,False,Full Time
85,2024-25 English Premier League,704361,2024-10-26,12:30,Goodison Park,38742,Everton,Fulham,1,1,False,False,Full Time
86,2024-25 English Premier League,704359,2024-10-27,10:00,Stamford Bridge,39526,Chelsea,Newcastle United,2,1,True,False,Full Time
87,2024-25 English Premier League,704360,2024-10-27,10:00,Selhurst Park,25180,Crystal Palace,Tottenham Hotspur,1,0,True,False,Full Time
88,2024-25 English Premier League,704366,2024-10-27,10:00,London Stadium,62474,West Ham United,Manchester United,2,1,True,False,Full Time
89,2024-25 English Premier League,704367,2024-10-27,12:30,Emirates Stadium,60383,Arsenal,Liverpool,2,2,False,False,Full Time
90,2024-25 English Premier League,704372,2024-11-02,08:30,St. James' Park,52249,Newcastle United,Arsenal,1,0,True,False,Full Time
91,2024-25 English Premier League,704370,2024-11-02,11:00,St. Mary's Stadium,31143,Southampton,Everton,1,0,True,False,Full Time
92,2024-25 English Premier League,704371,2024-11-02,11:00,The City Ground,30112,Nottingham Forest,West Ham United,3,0,True,False,Full Time
93,2024-25 English Premier League,704374,2024-11-02,11:00,Anfield,60331,Liverpool,Brighton & Hove Albion,2,1,True,False,Full Time
94,2024-25 English Premier League,704375,2024-11-02,11:00,Portman Road,29874,Ipswich Town,Leicester City,1,1,False,False,Full Time
95,2024-25 English Premier League,704377,2024-11-02,11:00,Vitality Stadium,11231,AFC Bournemouth,Manchester City,2,1,True,False,Full Time
96,2024-25 English Premier League,704373,2024-11-02,13:30,Molineux Stadium,29505,Wolverhampton Wanderers,Crystal Palace,2,2,False,False,Full Time
97,2024-25 English Premier League,704369,2024-11-03,09:00,Tottenham Hotspur Stadium,61253,Tottenham Hotspur,Aston Villa,4,1,True,False,Full Time
98,2024-25 English Premier League,704378,2024-11-03,11:30,Old Trafford,73813,Manchester United,Chelsea,1,1,False,False,Full Time
99,2024-25 English Premier League,704376,2024-11-04,15:00,Craven Cottage,24931,Fulham,Brentford,2,1,True,False,Full Time
100,2024-25 English Premier League,704379,2024-11-09,10:00,Selhurst Park,25142,Crystal Palace,Fulham,0,2,False,True,Full Time
101,2024-25 English Premier League,704382,2024-11-09,10:00,Gtech Community Stadium,16993,Brentford,AFC Bournemouth,3,2,True,False,Full Time
102,2024-25 English Premier League,704384,2024-11-09,10:00,London Stadium,62463,West Ham United,Everton,0,0,False,False,Full Time
103,2024-25 English Premier League,704385,2024-11-09,10:00,Molineux Stadium,31403,Wolverhampton Wanderers,Southampton,2,0,True,False,Full Time
104,2024-25 English Premier League,704381,2024-11-09,12:30,American Express Stadium,31715,Brighton & Hove Albion,Manchester City,2,1,True,False,Full Time
105,2024-25 English Premier League,704388,2024-11-09,15:00,Anfield,60292,Liverpool,Aston Villa,2,0,True,False,Full Time
106,2024-25 English Premier League,704383,2024-11-10,09:00,Tottenham Hotspur Stadium,61505,Tottenham Hotspur,Ipswich Town,1,2,False,True,Full Time
107,2024-25 English Premier League,704386,2024-11-10,09:00,Old Trafford,73829,Manchester United,Leicester City,3,0,True,False,Full Time
108,2024-25 English Premier League,704387,2024-11-10,09:00,The City Ground,30145,Nottingham Forest,Newcastle United,1,3,False,True,Full Time
109,2024-25 English Premier League,704380,2024-11-10,11:30,Stamford Bridge,39780,Chelsea,Arsenal,1,1,False,False,Full Time
110,2024-25 English Premier League,704392,2024-11-23,07:30,King Power Stadium,31880,Leicester City,Chelsea,1,2,False,True,Full Time
111,2024-25 English Premier League,704390,2024-11-23,10:00,Craven Cottage,26685,Fulham,Wolverhampton Wanderers,1,4,False,True,Full Time
112,2024-25 English Premier League,704391,2024-11-23,10:00,Goodison Park,38915,Everton,Brentford,0,0,False,False,Full Time
113,2024-25 English Premier League,704393,2024-11-23,10:00,Emirates Stadium,60298,Arsenal,Nottingham Forest,3,0,True,False,Full Time
114,2024-25 English Premier League,704394,2024-11-23,10:00,Villa Park,42175,Aston Villa,Crystal Palace,2,2,False,False,Full Time
115,2024-25 English Premier League,704395,2024-11-23,10:00,Vitality Stadium,11196,AFC Bournemouth,Brighton & Hove Albion,1,2,False,True,Full Time
116,2024-25 English Premier League,704396,2024-11-23,12:30,Etihad Stadium,52478,Manchester City,Tottenham Hotspur,0,4,False,True,Full Time
117,2024-25 English Premier League,704397,2024-11-24,09:00,St. Mary's Stadium,31278,Southampton,Liverpool,2,3,False,True,Full Time
118,2024-25 English Premier League,704389,2024-11-24,11:30,Portman Road,30017,Ipswich Town,Manchester United,1,1,False,False,Full Time
119,2024-25 English Premier League,704398,2024-11-25,15:00,St. James' Park,52094,Newcastle United,West Ham United,0,2,False,True,Full Time
120,2024-25 English Premier League,704408,2024-11-29,15:00,American Express Stadium,31542,Brighton & Hove Albion,Southampton,1,1,False,False,Full Time
121,2024-25 English Premier League,704399,2024-11-30,10:00,The City Ground,30237,Nottingham Forest,Ipswich Town,1,0,True,False,Full Time
122,2024-25 English Premier League,704402,2024-11-30,10:00,Gtech Community Stadium,17084,Brentford,Leicester City,4,1,True,False,Full Time
123,2024-25 English Premier League,704403,2024-11-30,10:00,Molineux Stadium,26685,Wolverhampton Wanderers,AFC Bournemouth,2,4,False,True,Full Time
124,2024-25 English Premier League,704405,2024-11-30,10:00,Selhurst Park,25101,Crystal Palace,Newcastle United,1,1,False,False,Full Time
125,2024-25 English Premier League,704400,2024-11-30,12:30,London Stadium,62475,West Ham United,Arsenal,2,5,False,True,Full Time
126,2024-25 English Premier League,704401,2024-12-01,08:30,Tottenham Hotspur Stadium,61141,Tottenham Hotspur,Fulham,1,1,False,False,Full Time
127,2024-25 English Premier League,704404,2024-12-01,08:30,Stamford Bridge,39689,Chelsea,Aston Villa,3,0,True,False,Full Time
128,2024-25 English Premier League,704407,2024-12-01,08:30,Old Trafford,73817,Manchester United,Everton,4,0,True,False,Full Time
129,2024-25 English Premier League,704406,2024-12-01,11:00,Anfield,60248,Liverpool,Manchester City,2,0,True,False,Full Time
130,2024-25 English Premier League,704412,2024-12-03,14:30,Portman Road,29533,Ipswich Town,Crystal Palace,0,1,False,True,Full Time
131,2024-25 English Premier League,704411,2024-12-03,15:15,King Power Stadium,30947,Leicester City,West Ham United,3,1,True,False,Full Time
132,2024-25 English Premier League,704415,2024-12-04,14:30,Goodison Park,38820,Everton,Wolverhampton Wanderers,4,0,True,False,Full Time
133,2024-25 English Premier League,704416,2024-12-04,14:30,Etihad Stadium,51764,Manchester City,Nottingham Forest,3,0,True,False,Full Time
134,2024-25 English Premier League,704417,2024-12-04,14:30,St. James' Park,52237,Newcastle United,Liverpool,3,3,False,False,Full Time
135,2024-25 English Premier League,704418,2024-12-04,14:30,St. Mary's Stadium,31193,Southampton,Chelsea,1,5,False,True,Full Time
136,2024-25 English Premier League,704409,2024-12-04,15:15,Villa Park,37890,Aston Villa,Brentford,3,1,True,False,Full Time
137,2024-25 English Premier League,704410,2024-12-04,15:15,Emirates Stadium,60256,Arsenal,Manchester United,2,0,True,False,Full Time
138,2024-25 English Premier League,704413,2024-12-05,14:30,Craven Cottage,26368,Fulham,Brighton & Hove Albion,3,1,True,False,Full Time
139,2024-25 English Premier League,704414,2024-12-05,15:15,Vitality Stadium,11234,AFC Bournemouth,Tottenham Hotspur,1,0,True,False,Full Time
140,2024-25 English Premier League,704422,2024-12-07,10:00,Villa Park,42453,Aston Villa,Southampton,1,0,True,False,Full Time
141,2024-25 English Premier League,704423,2024-12-07,10:00,Gtech Community Stadium,17078,Brentford,Newcastle United,4,2,True,False,Full Time
142,2024-25 English Premier League,704424,2024-12-07,10:00,Selhurst Park,25142,Crystal Palace,Manchester City,2,2,False,False,Full Time
143,2024-25 English Premier League,704419,2024-12-07,12:30,Old Trafford,73778,Manchester United,Nottingham Forest,2,3,False,True,Full Time
144,2024-25 English Premier League,704421,2024-12-08,09:00,Craven Cottage,26954,Fulham,Arsenal,1,1,False,False,Full Time
145,2024-25 English Premier League,704427,2024-12-08,09:00,Portman Road,29180,Ipswich Town,AFC Bournemouth,1,2,False,True,Full Time
146,2024-25 English Premier League,704428,2024-12-08,09:00,King Power Stadium,31647,Leicester City,Brighton & Hove Albion,2,2,False,False,Full Time
147,2024-25 English Premier League,704420,2024-12-08,11:30,Tottenham Hotspur Stadium,61184,Tottenham Hotspur,Chelsea,3,4,False,True,Full Time
148,2024-25 English Premier League,704426,2024-12-09,15:00,London Stadium,62435,West Ham United,Wolverhampton Wanderers,2,1,True,False,Full Time
149,2024-25 English Premier League,704429,2024-12-14,10:00,Emirates Stadium,60176,Arsenal,Everton,0,0,False,False,Full Time
150,2024-25 English Premier League,704433,2024-12-14,10:00,Molineux Stadium,30866,Wolverhampton Wanderers,Ipswich Town,1,2,False,True,Full Time
151,2024-25 English Premier League,704435,2024-12-14,10:00,St. James' Park,52235,Newcastle United,Leicester City,4,0,True,False,Full Time
152,2024-25 English Premier League,704438,2024-12-14,10:00,Anfield,60333,Liverpool,Fulham,2,2,False,False,Full Time
153,2024-25 English Premier League,704436,2024-12-14,12:30,The City Ground,30117,Nottingham Forest,Aston Villa,2,1,True,False,Full Time
154,2024-25 English Premier League,704431,2024-12-15,09:00,American Express Stadium,30893,Brighton & Hove Albion,Crystal Palace,1,3,False,True,Full Time
155,2024-25 English Premier League,704434,2024-12-15,11:30,Etihad Stadium,52788,Manchester City,Manchester United,1,2,False,True,Full Time
156,2024-25 English Premier League,704432,2024-12-15,14:00,Stamford Bridge,39751,Chelsea,Brentford,2,1,True,False,Full Time
157,2024-25 English Premier League,704437,2024-12-15,14:00,St. Mary's Stadium,31090,Southampton,Tottenham Hotspur,0,5,False,True,Full Time
158,2024-25 English Premier League,704430,2024-12-16,15:00,Vitality Stadium,11204,AFC Bournemouth,West Ham United,1,1,False,False,Full Time
159,2024-25 English Premier League,704444,2024-12-21,07:30,Villa Park,42345,Aston Villa,Manchester City,2,1,True,False,Full Time
160,2024-25 English Premier League,704442,2024-12-21,10:00,Portman Road,29774,Ipswich Town,Newcastle United,0,4,False,True,Full Time
161,2024-25 English Premier League,704443,2024-12-21,10:00,London Stadium,62460,West Ham United,Brighton & Hove Albion,1,1,False,False,Full Time
162,2024-25 English Premier League,704445,2024-12-21,10:00,Gtech Community Stadium,17115,Brentford,Nottingham Forest,0,2,False,True,Full Time
163,2024-25 English Premier League,704446,2024-12-21,12:30,Selhurst Park,25167,Crystal Palace,Arsenal,1,5,False,True,Full Time
164,2024-25 English Premier League,704440,2024-12-22,09:00,Old Trafford,73720,Manchester United,AFC Bournemouth,0,3,False,True,Full Time
165,2024-25 English Premier League,704441,2024-12-22,09:00,King Power Stadium,31818,Leicester City,Wolverhampton Wanderers,0,3,False,True,Full Time
166,2024-25 English Premier League,704447,2024-12-22,09:00,Goodison Park,39308,Everton,Chelsea,0,0,False,False,Full Time
167,2024-25 English Premier League,704448,2024-12-22,09:00,Craven Cottage,26819,Fulham,Southampton,0,0,False,False,Full Time
168,2024-25 English Premier League,704439,2024-12-22,11:30,Tottenham Hotspur Stadium,61439,Tottenham Hotspur,Liverpool,3,6,False,True,Full Time
169,2024-25 English Premier League,704451,2024-12-26,07:30,Etihad Stadium,52527,Manchester City,Everton,1,1,False,False,Full Time
170,2024-25 English Premier League,704449,2024-12-26,10:00,Stamford Bridge,39687,Chelsea,Fulham,1,2,False,True,Full Time
171,2024-25 English Premier League,704452,2024-12-26,10:00,St. James' Park,52168,Newcastle United,Aston Villa,3,0,True,False,Full Time
172,2024-25 English Premier League,704453,2024-12-26,10:00,The City Ground,30200,Nottingham Forest,Tottenham Hotspur,1,0,True,False,Full Time
173,2024-25 English Premier League,704454,2024-12-26,10:00,St. Mary's Stadium,31059,Southampton,West Ham United,0,1,False,True,Full Time
174,2024-25 English Premier League,704458,2024-12-26,10:00,Vitality Stadium,11129,AFC Bournemouth,Crystal Palace,0,0,False,False,Full Time
175,2024-25 English Premier League,704455,2024-12-26,12:30,Molineux Stadium,31407,Wolverhampton Wanderers,Manchester United,2,0,True,False,Full Time
176,2024-25 English Premier League,704456,2024-12-26,15:00,Anfield,60300,Liverpool,Leicester City,3,1,True,False,Full Time
177,2024-25 English Premier League,704450,2024-12-27,14:30,American Express Stadium,31548,Brighton & Hove Albion,Brentford,0,0,False,False,Full Time
178,2024-25 English Premier League,704457,2024-12-27,15:15,Emirates Stadium,60271,Arsenal,Ipswich Town,1,0,True,False,Full Time
179,2024-25 English Premier League,704462,2024-12-29,09:30,King Power Stadium,32057,Leicester City,Manchester City,0,2,False,True,Full Time
180,2024-25 English Premier League,704460,2024-12-29,10:00,Craven Cottage,27301,Fulham,AFC Bournemouth,2,2,False,False,Full Time
181,2024-25 English Premier League,704463,2024-12-29,10:00,Tottenham Hotspur Stadium,61284,Tottenham Hotspur,Wolverhampton Wanderers,2,2,False,False,Full Time
182,2024-25 English Premier League,704465,2024-12-29,10:00,Goodison Park,39352,Everton,Nottingham Forest,0,2,False,True,Full Time
183,2024-25 English Premier League,704466,2024-12-29,10:00,Selhurst Park,25130,Crystal Palace,Southampton,2,1,True,False,Full Time
184,2024-25 English Premier League,704464,2024-12-29,12:15,London Stadium,62476,West Ham United,Liverpool,0,5,False,True,Full Time
185,2024-25 English Premier League,704459,2024-12-30,14:45,Villa Park,41414,Aston Villa,Brighton & Hove Albion,2,2,False,False,Full Time
186,2024-25 English Premier League,704461,2024-12-30,14:45,Portman Road,29968,Ipswich Town,Chelsea,2,0,True,False,Full Time
187,2024-25 English Premier League,704468,2024-12-30,15:00,Old Trafford,73809,Manchester United,Newcastle United,0,2,False,True,Full Time
188,2024-25 English Premier League,704467,2025-01-01,12:30,Gtech Community Stadium,17190,Brentford,Arsenal,1,3,False,True,Full Time
189,2024-25 English Premier League,704472,2025-01-04,07:30,Tottenham Hotspur Stadium,61293,Tottenham Hotspur,Newcastle United,1,2,False,True,Full Time
190,2024-25 English Premier League,704469,2025-01-04,10:00,Vitality Stadium,11223,AFC Bournemouth,Everton,1,0,True,False,Full Time
191,2024-25 English Premier League,704470,2025-01-04,10:00,Villa Park,42386,Aston Villa,Leicester City,2,1,True,False,Full Time
192,2024-25 English Premier League,704473,2025-01-04,10:00,St. Mary's Stadium,31001,Southampton,Brentford,0,5,False,True,Full Time
193,2024-25 English Premier League,704474,2025-01-04,10:00,Etihad Stadium,52737,Manchester City,West Ham United,4,1,True,False,Full Time
194,2024-25 English Premier League,704478,2025-01-04,10:00,Selhurst Park,25179,Crystal Palace,Chelsea,1,1,False,False,Full Time
195,2024-25 English Premier League,704477,2025-01-04,12:30,American Express Stadium,31714,Brighton & Hove Albion,Arsenal,1,1,False,False,Full Time
196,2024-25 English Premier League,704471,2025-01-05,09:00,Craven Cottage,27042,Fulham,Ipswich Town,2,2,False,False,Full Time
197,2024-25 English Premier League,704475,2025-01-05,11:30,Anfield,60275,Liverpool,Manchester United,2,2,False,False,Full Time
198,2024-25 English Premier League,704476,2025-01-06,15:00,Molineux Stadium,29940,Wolverhampton Wanderers,Nottingham Forest,0,3,False,True,Full Time
199,2024-25 English Premier League,704482,2025-01-14,14:30,Gtech Community Stadium,17048,Brentford,Manchester City,2,2,False,False,Full Time
200,2024-25 English Premier League,704483,2025-01-14,14:30,London Stadium,62456,West Ham United,Fulham,3,2,True,False,Full Time
201,2024-25 English Premier League,704487,2025-01-14,14:30,Stamford Bridge,39092,Chelsea,AFC Bournemouth,2,2,False,False,Full Time
202,2024-25 English Premier League,704484,2025-01-14,15:00,The City Ground,30249,Nottingham Forest,Liverpool,1,1,False,False,Full Time
203,2024-25 English Premier League,704479,2025-01-15,14:30,King Power Stadium,29766,Leicester City,Crystal Palace,0,2,False,True,Full Time
204,2024-25 English Premier League,704481,2025-01-15,14:30,Goodison Park,39085,Everton,Aston Villa,0,1,False,True,Full Time
205,2024-25 English Premier League,704486,2025-01-15,14:30,St. James' Park,51975,Newcastle United,Wolverhampton Wanderers,3,0,True,False,Full Time
206,2024-25 English Premier League,704485,2025-01-15,15:00,Emirates Stadium,60287,Arsenal,Tottenham Hotspur,2,1,True,False,Full Time
207,2024-25 English Premier League,704480,2025-01-16,14:30,Portman Road,29403,Ipswich Town,Brighton & Hove Albion,0,2,False,True,Full Time
208,2024-25 English Premier League,704488,2025-01-16,15:00,Old Trafford,73722,Manchester United,Southampton,3,1,True,False,Full Time
209,2024-25 English Premier League,704496,2025-01-18,07:30,St. James' Park,52227,Newcastle United,AFC Bournemouth,1,4,False,True,Full Time
210,2024-25 English Premier League,704491,2025-01-18,10:00,London Stadium,62469,West Ham United,Crystal Palace,0,2,False,True,Full Time
211,2024-25 English Premier League,704494,2025-01-18,10:00,Gtech Community Stadium,17215,Brentford,Liverpool,0,2,False,True,Full Time
212,2024-25 English Premier League,704498,2025-01-18,10:00,King Power Stadium,31500,Leicester City,Fulham,0,2,False,True,Full Time
213,2024-25 English Premier League,704493,2025-01-18,12:30,Emirates Stadium,60067,Arsenal,Aston Villa,2,2,False,False,Full Time
214,2024-25 English Premier League,704489,2025-01-19,09:00,Goodison Park,39326,Everton,Tottenham Hotspur,3,2,True,False,Full Time
215,2024-25 English Premier League,704492,2025-01-19,09:00,The City Ground,30180,Nottingham Forest,Southampton,3,2,True,False,Full Time
216,2024-25 English Premier League,704497,2025-01-19,09:00,Old Trafford,73758,Manchester United,Brighton & Hove Albion,1,3,False,True,Full Time
217,2024-25 English Premier League,704490,2025-01-19,11:30,Portman Road,29841,Ipswich Town,Manchester City,0,6,False,True,Full Time
218,2024-25 English Premier League,704495,2025-01-20,15:00,Stamford Bridge,39221,Chelsea,Wolverhampton Wanderers,3,1,True,False,Full Time
219,2024-25 English Premier League,704501,2025-01-25,10:00,St. Mary's Stadium,31141,Southampton,Newcastle United,1,3,False,True,Full Time
220,2024-25 English Premier League,704504,2025-01-25,10:00,Molineux Stadium,31503,Wolverhampton Wanderers,Arsenal,0,1,False,True,Full Time
221,2024-25 English Premier League,704506,2025-01-25,10:00,American Express Stadium,31567,Brighton & Hove Albion,Everton,0,1,False,True,Full Time
222,2024-25 English Premier League,704507,2025-01-25,10:00,Vitality Stadium,11228,AFC Bournemouth,Nottingham Forest,5,0,True,False,Full Time
223,2024-25 English Premier League,704508,2025-01-25,10:00,Anfield,60420,Liverpool,Ipswich Town,4,1,True,False,Full Time
224,2024-25 English Premier League,704502,2025-01-25,12:30,Etihad Stadium,52793,Manchester City,Chelsea,3,1,True,False,Full Time
225,2024-25 English Premier League,704500,2025-01-26,09:00,Tottenham Hotspur Stadium,61295,Tottenham Hotspur,Leicester City,1,2,False,True,Full Time
226,2024-25 English Premier League,704505,2025-01-26,09:00,Selhurst Park,25066,Crystal Palace,Brentford,1,2,False,True,Full Time
227,2024-25 English Premier League,704499,2025-01-26,11:30,Villa Park,41628,Aston Villa,West Ham United,1,1,False,False,Full Time
228,2024-25 English Premier League,704503,2025-01-26,14:00,Craven Cottage,27288,Fulham,Manchester United,0,1,False,True,Full Time
229,2024-25 English Premier League,704518,2025-02-01,07:30,The City Ground,30164,Nottingham Forest,Brighton & Hove Albion,7,0,True,False,Full Time
230,2024-25 English Premier League,704509,2025-02-01,10:00,Goodison Park,39376,Everton,Leicester City,4,0,True,False,Full Time
231,2024-25 English Premier League,704510,2025-02-01,10:00,Portman Road,29902,Ipswich Town,Southampton,1,2,False,True,Full Time
232,2024-25 English Premier League,704511,2025-02-01,10:00,Vitality Stadium,11239,AFC Bournemouth,Liverpool,0,2,False,True,Full Time
233,2024-25 English Premier League,704517,2025-02-01,10:00,St. James' Park,52173,Newcastle United,Fulham,1,2,False,True,Full Time
234,2024-25 English Premier League,704514,2025-02-01,12:30,Molineux Stadium,31385,Wolverhampton Wanderers,Aston Villa,2,0,True,False,Full Time
235,2024-25 English Premier League,704512,2025-02-02,09:00,Gtech Community Stadium,17154,Brentford,Tottenham Hotspur,0,2,False,True,Full Time
236,2024-25 English Premier League,704516,2025-02-02,09:00,Old Trafford,73751,Manchester United,Crystal Palace,0,2,False,True,Full Time
237,2024-25 English Premier League,704515,2025-02-02,11:30,Emirates Stadium,60355,Arsenal,Manchester City,5,1,True,False,Full Time
238,2024-25 English Premier League,704513,2025-02-03,15:00,Stamford Bridge,39459,Chelsea,West Ham United,2,1,True,False,Full Time
239,2024-25 English Premier League,704425,2025-02-12,14:30,Goodison Park,39280,Everton,Liverpool,2,2,False,False,Full Time
240,2024-25 English Premier League,704526,2025-02-14,15:00,American Express Stadium,31503,Brighton & Hove Albion,Chelsea,3,0,True,False,Full Time
241,2024-25 English Premier League,704520,2025-02-15,07:30,King Power Stadium,31968,Leicester City,Arsenal,0,2,False,True,Full Time
242,2024-25 English Premier League,704519,2025-02-15,10:00,Craven Cottage,27164,Fulham,Nottingham Forest,2,1,True,False,Full Time
243,2024-25 English Premier League,704522,2025-02-15,10:00,Etihad Stadium,52432,Manchester City,Newcastle United,4,0,True,False,Full Time
244,2024-25 English Premier League,704523,2025-02-15,10:00,London Stadium,62467,West Ham United,Brentford,0,1,False,True,Full Time
245,2024-25 English Premier League,704527,2025-02-15,10:00,Villa Park,42510,Aston Villa,Ipswich Town,1,1,False,False,Full Time
246,2024-25 English Premier League,704528,2025-02-15,10:00,St. Mary's Stadium,31037,Southampton,AFC Bournemouth,1,3,False,True,Full Time
247,2024-25 English Premier League,704525,2025-02-15,12:30,Selhurst Park,25108,Crystal Palace,Everton,1,2,False,True,Full Time
248,2024-25 English Premier League,704521,2025-02-16,09:00,Anfield,60401,Liverpool,Wolverhampton Wanderers,2,1,True,False,Full Time
249,2024-25 English Premier League,704524,2025-02-16,11:30,Tottenham Hotspur Stadium,61383,Tottenham Hotspur,Manchester United,1,0,True,False,Full Time
250,2024-25 English Premier League,704567,2025-02-19,14:30,Villa Park,41910,Aston Villa,Liverpool,2,2,False,False,Full Time
251,2024-25 English Premier League,704535,2025-02-21,15:00,King Power Stadium,31077,Leicester City,Brentford,0,4,False,True,Full Time
252,2024-25 English Premier League,704530,2025-02-22,07:30,Goodison Park,39290,Everton,Manchester United,2,2,False,False,Full Time
253,2024-25 English Premier League,704529,2025-02-22,10:00,Vitality Stadium,11206,AFC Bournemouth,Wolverhampton Wanderers,0,1,False,True,Full Time
254,2024-25 English Premier League,704531,2025-02-22,10:00,Craven Cottage,26777,Fulham,Crystal Palace,0,2,False,True,Full Time
255,2024-25 English Premier League,704532,2025-02-22,10:00,Portman Road,30003,Ipswich Town,Tottenham Hotspur,1,4,False,True,Full Time
256,2024-25 English Premier League,704536,2025-02-22,10:00,St. Mary's Stadium,30775,Southampton,Brighton & Hove Albion,0,4,False,True,Full Time
257,2024-25 English Premier League,704538,2025-02-22,10:00,Emirates Stadium,60262,Arsenal,West Ham United,0,1,False,True,Full Time
258,2024-25 English Premier League,704537,2025-02-22,12:30,Villa Park,42423,Aston Villa,Chelsea,2,1,True,False,Full Time
259,2024-25 English Premier League,704533,2025-02-23,09:00,St. James' Park,52223,Newcastle United,Nottingham Forest,4,3,True,False,Full Time
260,2024-25 English Premier League,704534,2025-02-23,11:30,Etihad Stadium,52803,Manchester City,Liverpool,0,2,False,True,Full Time
261,2024-25 English Premier League,704539,2025-02-25,14:30,Molineux Stadium,28708,Wolverhampton Wanderers,Fulham,1,2,False,True,Full Time
262,2024-25 English Premier League,704542,2025-02-25,14:30,American Express Stadium,31138,Brighton & Hove Albion,AFC Bournemouth,2,1,True,False,Full Time
263,2024-25 English Premier League,704544,2025-02-25,14:30,Selhurst Park,24712,Crystal Palace,Aston Villa,4,1,True,False,Full Time
264,2024-25 English Premier League,704547,2025-02-25,15:15,Stamford Bridge,39485,Chelsea,Southampton,4,0,True,False,Full Time
265,2024-25 English Premier League,704540,2025-02-26,14:30,Tottenham Hotspur Stadium,60820,Tottenham Hotspur,Manchester City,0,1,False,True,Full Time
266,2024-25 English Premier League,704541,2025-02-26,14:30,The City Ground,30200,Nottingham Forest,Arsenal,0,0,False,False,Full Time
267,2024-25 English Premier League,704545,2025-02-26,14:30,Gtech Community Stadium,17082,Brentford,Everton,1,1,False,False,Full Time
268,2024-25 English Premier League,704546,2025-02-26,14:30,Old Trafford,73827,Manchester United,Ipswich Town,3,2,True,False,Full Time
269,2024-25 English Premier League,704548,2025-02-26,15:15,Anfield,60374,Liverpool,Newcastle United,2,0,True,False,Full Time
270,2024-25 English Premier League,704543,2025-02-27,15:00,London Stadium,62455,West Ham United,Leicester City,2,0,True,False,Full Time
271,2024-25 English Premier League,704554,2025-03-08,07:30,The City Ground,30252,Nottingham Forest,Manchester City,1,0,True,False,Full Time
272,2024-25 English Premier League,704550,2025-03-08,10:00,American Express Stadium,31584,Brighton & Hove Albion,Fulham,2,1,True,False,Full Time
273,2024-25 English Premier League,704556,2025-03-08,10:00,Anfield,60399,Liverpool,Southampton,3,1,True,False,Full Time
274,2024-25 English Premier League,704557,2025-03-08,10:00,Selhurst Park,25155,Crystal Palace,Ipswich Town,1,0,True,False,Full Time
275,2024-25 English Premier League,704549,2025-03-08,12:30,Gtech Community Stadium,17171,Brentford,Aston Villa,0,1,False,True,Full Time
276,2024-25 English Premier League,704551,2025-03-08,15:00,Molineux Stadium,30738,Wolverhampton Wanderers,Everton,1,1,False,False,Full Time
277,2024-25 English Premier League,704553,2025-03-09,10:00,Stamford Bridge,39750,Chelsea,Leicester City,1,0,True,False,Full Time
278,2024-25 English Premier League,704558,2025-03-09,10:00,Tottenham Hotspur Stadium,61178,Tottenham Hotspur,AFC Bournemouth,2,2,False,False,Full Time
279,2024-25 English Premier League,704555,2025-03-09,12:30,Old Trafford,73812,Manchester United,Arsenal,1,1,False,False,Full Time
280,2024-25 English Premier League,704552,2025-03-10,16:00,London Stadium,62463,West Ham United,Newcastle United,0,1,False,True,Full Time
281,2024-25 English Premier League,704561,2025-03-15,11:00,Etihad Stadium,52471,Manchester City,Brighton & Hove Albion,2,2,False,False,Full Time
282,2024-25 English Premier League,704563,2025-03-15,11:00,St. Mary's Stadium,30950,Southampton,Wolverhampton Wanderers,1,2,False,True,Full Time
283,2024-25 English Premier League,704565,2025-03-15,11:00,Goodison Park,39343,Everton,West Ham United,1,1,False,False,Full Time
284,2024-25 English Premier League,704568,2025-03-15,11:00,Portman Road,29878,Ipswich Town,Nottingham Forest,2,4,False,True,Full Time
285,2024-25 English Premier League,704566,2025-03-15,13:30,Vitality Stadium,11180,AFC Bournemouth,Brentford,1,2,False,True,Full Time
286,2024-25 English Premier League,704559,2025-03-16,09:30,Emirates Stadium,60311,Arsenal,Chelsea,1,0,True,False,Full Time
287,2024-25 English Premier League,704564,2025-03-16,09:30,Craven Cottage,27182,Fulham,Tottenham Hotspur,2,0,True,False,Full Time
288,2024-25 English Premier League,704562,2025-03-16,15:00,King Power Stadium,31773,Leicester City,Manchester United,0,3,False,True,Full Time
289,2024-25 English Premier League,704572,2025-04-01,14:45,Emirates Stadium,60256,Arsenal,Fulham,2,1,True,False,Full Time
290,2024-25 English Premier League,704573,2025-04-01,14:45,Molineux Stadium,30537,Wolverhampton Wanderers,West Ham United,1,0,True,False,Full Time
291,2024-25 English Premier League,704569,2025-04-01,15:00,The City Ground,30249,Nottingham Forest,Manchester United,1,0,True,False,Full Time
292,2024-25 English Premier League,704570,2025-04-02,14:45,Vitality Stadium,11192,AFC Bournemouth,Ipswich Town,1,2,False,True,Full Time
293,2024-25 English Premier League,704571,2025-04-02,14:45,American Express Stadium,31230,Brighton & Hove Albion,Aston Villa,0,3,False,True,Full Time
294,2024-25 English Premier League,704574,2025-04-02,14:45,Etihad Stadium,51983,Manchester City,Leicester City,2,0,True,False,Full Time
295,2024-25 English Premier League,704577,2025-04-02,14:45,St. Mary's Stadium,29366,Southampton,Crystal Palace,1,1,False,False,Full Time
296,2024-25 English Premier League,704578,2025-04-02,14:45,St. James' Park,52021,Newcastle United,Brentford,2,1,True,False,Full Time
297,2024-25 English Premier League,704575,2025-04-02,15:00,Anfield,60331,Liverpool,Everton,1,0,True,False,Full Time
298,2024-25 English Premier League,704576,2025-04-03,15:00,Stamford Bridge,39852,Chelsea,Tottenham Hotspur,1,0,True,False,Full Time
299,2024-25 English Premier League,704584,2025-04-05,07:30,Goodison Park,39316,Everton,Arsenal,1,1,False,False,Full Time
300,2024-25 English Premier League,704582,2025-04-05,10:00,London Stadium,62459,West Ham United,AFC Bournemouth,2,2,False,False,Full Time
301,2024-25 English Premier League,704583,2025-04-05,10:00,Selhurst Park,24564,Crystal Palace,Brighton & Hove Albion,2,1,True,False,Full Time
302,2024-25 English Premier League,704585,2025-04-05,10:00,Portman Road,29549,Ipswich Town,Wolverhampton Wanderers,1,2,False,True,Full Time
303,2024-25 English Premier League,704580,2025-04-05,12:30,Villa Park,42743,Aston Villa,Nottingham Forest,2,1,True,False,Full Time
304,2024-25 English Premier League,704579,2025-04-06,09:00,Gtech Community Stadium,17183,Brentford,Chelsea,0,0,False,False,Full Time
305,2024-25 English Premier League,704586,2025-04-06,09:00,Craven Cottage,27770,Fulham,Liverpool,3,2,True,False,Full Time
306,2024-25 English Premier League,704587,2025-04-06,09:00,Tottenham Hotspur Stadium,60984,Tottenham Hotspur,Southampton,3,1,True,False,Full Time
307,2024-25 English Premier League,704581,2025-04-06,11:30,Old Trafford,73738,Manchester United,Manchester City,0,0,False,False,Full Time
308,2024-25 English Premier League,704588,2025-04-07,15:00,King Power Stadium,30403,Leicester City,Newcastle United,0,3,False,True,Full Time
309,2024-25 English Premier League,704591,2025-04-12,07:30,Etihad Stadium,52489,Manchester City,Crystal Palace,5,2,True,False,Full Time
310,2024-25 English Premier League,704589,2025-04-12,10:00,The City Ground,30199,Nottingham Forest,Everton,0,1,False,True,Full Time
311,2024-25 English Premier League,704592,2025-04-12,10:00,St. Mary's Stadium,30673,Southampton,Aston Villa,0,3,False,True,Full Time
312,2024-25 English Premier League,704597,2025-04-12,10:00,American Express Stadium,31330,Brighton & Hove Albion,Leicester City,2,2,False,False,Full Time
313,2024-25 English Premier League,704595,2025-04-12,12:30,Emirates Stadium,60184,Arsenal,Brentford,1,1,False,False,Full Time
314,2024-25 English Premier League,704593,2025-04-13,09:00,Molineux Stadium,31463,Wolverhampton Wanderers,Tottenham Hotspur,4,2,True,False,Full Time
315,2024-25 English Premier League,704594,2025-04-13,09:00,Anfield,60376,Liverpool,West Ham United,2,1,True,False,Full Time
316,2024-25 English Premier League,704598,2025-04-13,09:00,Stamford Bridge,39805,Chelsea,Ipswich Town,2,2,False,False,Full Time
317,2024-25 English Premier League,704590,2025-04-13,11:30,St. James' Park,52252,Newcastle United,Manchester United,4,1,True,False,Full Time
318,2024-25 English Premier League,704596,2025-04-14,15:00,Vitality Stadium,11195,AFC Bournemouth,Fulham,1,0,True,False,Full Time
319,2024-25 English Premier League,704560,2025-04-16,14:30,St. James' Park,52197,Newcastle United,Crystal Palace,5,0,True,False,Full Time
320,2024-25 English Premier League,704603,2025-04-19,10:00,London Stadium,62461,West Ham United,Southampton,1,1,False,False,Full Time
321,2024-25 English Premier League,704604,2025-04-19,10:00,Goodison Park,39332,Everton,Manchester City,0,2,False,True,Full Time
322,2024-25 English Premier League,704605,2025-04-19,10:00,Selhurst Park,25185,Crystal Palace,AFC Bournemouth,0,0,False,False,Full Time
323,2024-25 English Premier League,704607,2025-04-19,10:00,Gtech Community Stadium,17083,Brentford,Brighton & Hove Albion,4,2,True,False,Full Time
324,2024-25 English Premier League,704606,2025-04-19,12:30,Villa Park,42618,Aston Villa,Newcastle United,4,1,True,False,Full Time
325,2024-25 English Premier League,704600,2025-04-20,09:00,Old Trafford,73819,Manchester United,Wolverhampton Wanderers,0,1,False,True,Full Time
326,2024-25 English Premier League,704602,2025-04-20,09:00,Portman Road,29549,Ipswich Town,Arsenal,0,4,False,True,Full Time
327,2024-25 English Premier League,704608,2025-04-20,09:00,Craven Cottage,27712,Fulham,Chelsea,1,2,False,True,Full Time
328,2024-25 English Premier League,704601,2025-04-20,11:30,King Power Stadium,30402,Leicester City,Liverpool,0,1,False,True,Full Time
329,2024-25 English Premier League,704599,2025-04-21,15:00,Tottenham Hotspur Stadium,59314,Tottenham Hotspur,Nottingham Forest,1,2,False,True,Full Time
330,2024-25 English Premier League,704615,2025-04-22,15:00,Etihad Stadium,52192,Manchester City,Aston Villa,2,1,True,False,Full Time
331,2024-25 English Premier League,704618,2025-04-23,15:00,Emirates Stadium,60167,Arsenal,Crystal Palace,2,2,False,False,Full Time
332,2024-25 English Premier League,704611,2025-04-26,07:30,Stamford Bridge,39894,Chelsea,Everton,1,0,True,False,Full Time
333,2024-25 English Premier League,704610,2025-04-26,10:00,American Express Stadium,31499,Brighton & Hove Albion,West Ham United,3,2,True,False,Full Time
334,2024-25 English Premier League,704612,2025-04-26,10:00,St. Mary's Stadium,28946,Southampton,Fulham,1,2,False,True,Full Time
335,2024-25 English Premier League,704613,2025-04-26,10:00,Molineux Stadium,31518,Wolverhampton Wanderers,Leicester City,3,0,True,False,Full Time
336,2024-25 English Premier League,704614,2025-04-26,10:00,St. James' Park,52171,Newcastle United,Ipswich Town,3,0,True,False,Full Time
337,2024-25 English Premier League,704609,2025-04-27,09:00,Vitality Stadium,11241,AFC Bournemouth,Manchester United,1,1,False,False,Full Time
338,2024-25 English Premier League,704617,2025-04-27,11:30,Anfield,60415,Liverpool,Tottenham Hotspur,5,1,True,False,Full Time
339,2024-25 English Premier League,704616,2025-05-01,14:30,The City Ground,29040,Nottingham Forest,Brentford,0,2,False,True,Full Time
340,2024-25 English Premier League,704627,2025-05-02,15:00,Etihad Stadium,53282,Manchester City,Wolverhampton Wanderers,1,0,True,False,Full Time
341,2024-25 English Premier League,704620,2025-05-03,07:30,Villa Park,42515,Aston Villa,Fulham,1,0,True,False,Full Time
342,2024-25 English Premier League,704625,2025-05-03,10:00,Goodison Park,39305,Everton,Ipswich Town,2,2,False,False,Full Time
343,2024-25 English Premier League,704626,2025-05-03,10:00,King Power Stadium,31240,Leicester City,Southampton,2,0,True,False,Full Time
344,2024-25 English Premier League,704619,2025-05-03,12:30,Emirates Stadium,60110,Arsenal,AFC Bournemouth,1,2,False,True,Full Time
345,2024-25 English Premier League,704621,2025-05-04,09:00,Gtech Community Stadium,17190,Brentford,Manchester United,4,3,True,False,Full Time
346,2024-25 English Premier League,704622,2025-05-04,09:00,American Express Stadium,31580,Brighton & Hove Albion,Newcastle United,1,1,False,False,Full Time
347,2024-25 English Premier League,704628,2025-05-04,09:00,London Stadium,62468,West Ham United,Tottenham Hotspur,1,1,False,False,Full Time
348,2024-25 English Premier League,704623,2025-05-04,11:30,Stamford Bridge,39829,Chelsea,Liverpool,3,1,True,False,Full Time
349,2024-25 English Premier League,704624,2025-05-05,15:00,Selhurst Park,25096,Crystal Palace,Nottingham Forest,1,1,False,False,Full Time
350,2024-25 English Premier League,704630,2025-05-10,10:00,Craven Cottage,27653,Fulham,Everton,1,3,False,True,Full Time
351,2024-25 English Premier League,704631,2025-05-10,10:00,Portman Road,29511,Ipswich Town,Brentford,0,1,False,True,Full Time
352,2024-25 English Premier League,704636,2025-05-10,10:00,St. Mary's Stadium,30937,Southampton,Manchester City,0,0,False,False,Full Time
353,2024-25 English Premier League,704638,2025-05-10,10:00,Molineux Stadium,31279,Wolverhampton Wanderers,Brighton & Hove Albion,0,2,False,True,Full Time
354,2024-25 English Premier League,704629,2025-05-10,12:30,Vitality Stadium,11248,AFC Bournemouth,Aston Villa,0,1,False,True,Full Time
355,2024-25 English Premier League,704634,2025-05-11,07:00,St. James' Park,52231,Newcastle United,Chelsea,2,0,True,False,Full Time
356,2024-25 English Premier League,704633,2025-05-11,09:15,Old Trafford,73804,Manchester United,West Ham United,0,2,False,True,Full Time
357,2024-25 English Premier League,704635,2025-05-11,09:15,The City Ground,30245,Nottingham Forest,Leicester City,2,2,False,False,Full Time
358,2024-25 English Premier League,704637,2025-05-11,09:15,Tottenham Hotspur Stadium,60254,Tottenham Hotspur,Crystal Palace,0,2,False,True,Full Time
359,2024-25 English Premier League,704632,2025-05-11,11:30,Anfield,60324,Liverpool,Arsenal,2,2,False,False,Full Time
360,2024-25 English Premier League,704640,2025-05-16,14:30,Villa Park,42239,Aston Villa,Tottenham Hotspur,2,0,True,False,Full Time
361,2024-25 English Premier League,704643,2025-05-16,15:15,Stamford Bridge,39849,Chelsea,Manchester United,1,0,True,False,Full Time
362,2024-25 English Premier League,704645,2025-05-18,07:00,Goodison Park,39201,Everton,Southampton,2,0,True,False,Full Time
363,2024-25 English Premier League,704648,2025-05-18,09:15,London Stadium,62466,West Ham United,Nottingham Forest,1,2,False,True,Full Time
364,2024-25 English Premier League,704641,2025-05-18,10:00,Gtech Community Stadium,17136,Brentford,Fulham,2,3,False,True,Full Time
365,2024-25 English Premier League,704646,2025-05-18,10:00,King Power Stadium,31986,Leicester City,Ipswich Town,2,0,True,False,Full Time
366,2024-25 English Premier League,704639,2025-05-18,11:30,Emirates Stadium,60160,Arsenal,Newcastle United,1,0,True,False,Full Time
367,2024-25 English Premier League,704642,2025-05-19,15:00,American Express Stadium,31611,Brighton & Hove Albion,Liverpool,3,2,True,False,Full Time
368,2024-25 English Premier League,704644,2025-05-20,15:00,Selhurst Park,24766,Crystal Palace,Wolverhampton Wanderers,4,2,True,False,Full Time
369,2024-25 English Premier League,704647,2025-05-20,15:00,Etihad Stadium,52487,Manchester City,AFC Bournemouth,3,1,True,False,Full Time
370,2024-25 English Premier League,704649,2025-05-25,11:00,Vitality Stadium,11238,AFC Bournemouth,Leicester City,2,0,True,False,Full Time
371,2024-25 English Premier League,704650,2025-05-25,11:00,Craven Cottage,27671,Fulham,Manchester City,0,2,False,True,Full Time
372,2024-25 English Premier League,704651,2025-05-25,11:00,Portman Road,29771,Ipswich Town,West Ham United,1,3,False,True,Full Time
373,2024-25 English Premier League,704652,2025-05-25,11:00,Anfield,60382,Liverpool,Crystal Palace,1,1,False,False,Full Time
374,2024-25 English Premier League,704653,2025-05-25,11:00,St. James' Park,52221,Newcastle United,Everton,0,1,False,True,Full Time
375,2024-25 English Premier League,704654,2025-05-25,11:00,Molineux Stadium,31382,Wolverhampton Wanderers,Brentford,1,1,False,False,Full Time
376,2024-25 English Premier League,704655,2025-05-25,11:00,The City Ground,30263,Nottingham Forest,Chelsea,0,1,False,True,Full Time
377,2024-25 English Premier League,704656,2025-05-25,11:00,St. Mary's Stadium,31289,Southampton,Arsenal,1,2,False,True,Full Time
378,2024-25 English Premier League,704657,2025-05-25,11:00,Tottenham Hotspur Stadium,61449,Tottenham Hotspur,Brighton & Hove Albion,1,4,False,True,Full Time
379,2024-25 English Premier League,704658,2025-05-25,11:00,Old Trafford,73839,Manchester United,Aston Villa,2,0,True,False,Full Time
