"",Year,seasonName,Team,Position,Player Name,Shirt #,Age,Country,Height,Weight,Appearances,Substitute Appearances,Goals,Assists,Shots,Shots On Target,Offsides,Own Goals,Shots Faced,Saves,Goals Conceded,Fouls Committed,Fouls Suffered,Yellow Cards,Red Cards
336,2025,2025-26 English Premier League,AFC Bournemouth,Goalkeeper,Djordje Petrovic,1,25,Serbia,"6' 4""",194 lbs,7,0,0,0,0,0,0,0,0,19,8,0,0,1,0
341,2025,2025-26 English Premier League,AFC Bournemouth,Goalkeeper,William Dennis,40,25,England,"6' 2""",183 lbs,0,0,0,0,0,0,0,0,0,0,0,0,0,0,0
19,2025,2025-26 English Premier League,AFC Bournemouth,Defender,Adam Smith,15,34,England,"5' 11""",172 lbs,3,0,0,0,0,0,0,0,0,0,3,3,3,0,0
172,2025,2025-26 English Premier League,AFC Bournemouth,Defender,Marcos Senesi,5,28,Argentina,"6' 1""",174 lbs,7,0,0,2,2,0,0,0,0,0,8,5,7,1,0
300,2025,2025-26 English Premier League,AFC Bournemouth,Defender,James Hill,23,23,England,"6' 0""",161 lbs,6,4,0,0,2,1,0,0,0,0,2,4,1,1,0
303,2025,2025-26 English Premier League,AFC Bournemouth,Defender,Julián Araujo,2,24,Mexico,"5' 9""",152 lbs,0,0,0,0,0,0,0,0,0,0,0,0,0,0,0
315,2025,2025-26 English Premier League,AFC Bournemouth,Defender,Bafodé Diakité,18,24,France,"6' 1""",161 lbs,6,0,0,0,0,0,0,0,0,0,7,2,2,1,0
392,2025,2025-26 English Premier League,AFC Bournemouth,Defender,Adrien Truffert,3,23,France,"5' 9""",159 lbs,7,0,0,1,2,0,0,0,0,0,8,7,6,0,0
458,2025,2025-26 English Premier League,AFC Bournemouth,Defender,Julio Soler,3,20,Argentina,"5' 9""",148 lbs,1,1,0,0,0,0,0,0,0,0,0,1,0,0,0
501,2025,2025-26 English Premier League,AFC Bournemouth,Defender,Álex Jiménez,20,20,Spain,"5' 10""",161 lbs,4,2,0,0,2,0,0,0,0,0,3,4,1,3,0
510,2025,2025-26 English Premier League,AFC Bournemouth,Defender,Veljko Milosavljevic,44,18,Serbia,"6' 4""",NaN,2,1,0,0,0,0,0,0,0,0,1,0,0,0,0
7,2025,2025-26 English Premier League,AFC Bournemouth,Midfielder,David Brooks,-1,28,Wales,"5' 8""",137 lbs,7,1,0,1,13,3,1,0,0,0,4,5,5,2,0
9,2025,2025-26 English Premier League,AFC Bournemouth,Midfielder,Ryan Christie,-1,30,Scotland,"5' 10""",152 lbs,5,4,0,0,4,0,0,0,0,0,2,5,6,0,0
92,2025,2025-26 English Premier League,AFC Bournemouth,Midfielder,Philip Billing,8,29,Denmark,"6' 4""",183 lbs,0,0,0,0,0,0,0,0,0,0,0,0,0,0,0
144,2025,2025-26 English Premier League,AFC Bournemouth,Midfielder,Tyler Adams,12,26,USA,"5' 9""",159 lbs,7,0,0,0,5,4,1,0,0,0,7,8,8,3,0
145,2025,2025-26 English Premier League,AFC Bournemouth,Midfielder,Lewis Cook,4,28,England,"5' 9""",157 lbs,1,1,0,0,0,0,0,0,0,0,0,0,0,0,0
207,2025,2025-26 English Premier League,AFC Bournemouth,Midfielder,Marcus Tavernier,16,26,England,"5' 10""",152 lbs,7,1,1,0,10,3,2,0,0,0,5,5,4,0,0
239,2025,2025-26 English Premier League,AFC Bournemouth,Midfielder,Hamed Traoré,20,25,Ivory Coast,"6' 0""",170 lbs,1,1,0,1,0,0,0,0,0,0,2,0,0,0,0
273,2025,2025-26 English Premier League,AFC Bournemouth,Midfielder,Romain Faivre,21,27,France,"5' 11""",163 lbs,0,0,0,0,0,0,0,0,0,0,0,0,0,0,0
414,2025,2025-26 English Premier League,AFC Bournemouth,Midfielder,Alex Scott,8,22,England,"5' 10""",150 lbs,7,1,1,0,7,1,0,0,0,0,4,7,12,1,0
527,2025,2025-26 English Premier League,AFC Bournemouth,Midfielder,Ben Winterburn,16,21,England,"6' 1""",163 lbs,1,1,0,0,0,0,0,0,0,0,2,0,0,0,0
12,2025,2025-26 English Premier League,AFC Bournemouth,Forward,Evanilson,9,26,Brazil,"6' 0""",174 lbs,7,0,1,0,15,4,7,0,0,0,8,4,10,1,0
213,2025,2025-26 English Premier League,AFC Bournemouth,Forward,Justin Kluivert,-1,26,Netherlands,"5' 7""",148 lbs,6,5,1,0,6,2,0,0,0,0,3,2,2,0,0
285,2025,2025-26 English Premier League,AFC Bournemouth,Forward,Antoine Semenyo,-1,25,Ghana,"6' 1""",172 lbs,7,0,6,3,17,9,4,0,0,0,8,14,4,1,0
347,2025,2025-26 English Premier League,AFC Bournemouth,Forward,Amine Adli,21,25,Morocco,"5' 9""",159 lbs,5,4,0,0,2,2,0,0,0,0,2,4,6,0,0
450,2025,2025-26 English Premier League,AFC Bournemouth,Forward,Ben Gannon Doak,-1,19,Scotland,"5' 9""",141 lbs,2,2,0,1,1,0,0,0,0,0,0,0,0,0,0
493,2025,2025-26 English Premier League,AFC Bournemouth,Forward,Eli Kroupi,-1,19,France,"5' 10""",152 lbs,4,4,1,0,3,2,0,0,0,0,1,0,0,1,0
529,2025,2025-26 English Premier League,AFC Bournemouth,Forward,Remy Rees-Dottin,50,19,England,"5' 9""",168 lbs,0,0,0,0,0,0,0,0,0,0,0,0,0,0,0
67,2025,2025-26 English Premier League,Arsenal,Goalkeeper,Kepa Arrizabalaga,13,31,Spain,"6' 2""",183 lbs,0,0,0,0,0,0,0,0,0,0,0,0,0,0,0
102,2025,2025-26 English Premier League,Arsenal,Goalkeeper,David Raya,1,30,Spain,"6' 0""",174 lbs,7,0,0,0,0,0,0,0,0,15,3,0,1,1,0
135,2025,2025-26 English Premier League,Arsenal,Defender,Oleksandr Zinchenko,35,28,Ukraine,"5' 9""",139 lbs,2,0,0,0,3,1,1,0,0,0,2,1,2,0,0
184,2025,2025-26 English Premier League,Arsenal,Defender,Gabriel Magalhães,-1,27,Brazil,"6' 3""",172 lbs,7,0,1,0,5,1,0,0,0,0,3,3,9,0,0
197,2025,2025-26 English Premier League,Arsenal,Defender,Ben White,4,27,England,"6' 1""",168 lbs,1,0,0,0,1,0,0,0,0,0,0,2,0,0,0
298,2025,2025-26 English Premier League,Arsenal,Defender,William Saliba,2,24,France,"6' 4""",203 lbs,6,1,0,0,1,0,0,0,0,0,1,5,3,0,0
316,2025,2025-26 English Premier League,Arsenal,Defender,Jurriën Timber,12,24,Netherlands,"5' 10""",172 lbs,7,1,2,1,9,5,0,0,0,0,3,9,8,2,0
350,2025,2025-26 English Premier League,Arsenal,Defender,Piero Hincapié,5,23,Ecuador,"6' 0""",170 lbs,0,0,0,0,0,0,0,0,0,0,0,0,0,0,0
362,2025,2025-26 English Premier League,Arsenal,Defender,Riccardo Calafiori,33,23,Italy,"6' 2""",190 lbs,7,0,1,2,14,1,1,0,0,0,3,11,5,3,0
390,2025,2025-26 English Premier League,Arsenal,Defender,Jakub Kiwior,4,25,Poland,"6' 2""",163 lbs,0,0,0,0,0,0,0,0,0,0,0,0,0,0,0
443,2025,2025-26 English Premier League,Arsenal,Defender,Cristhian Mosquera,3,21,Spain,"6' 3""",172 lbs,5,3,0,0,0,0,1,0,0,0,2,0,0,0,0
479,2025,2025-26 English Premier League,Arsenal,Defender,Myles Lewis-Skelly,49,19,England,"5' 10""",159 lbs,5,5,0,0,0,0,0,0,0,0,0,4,2,1,0
79,2025,2025-26 English Premier League,Arsenal,Midfielder,Christian Nørgaard,-1,31,Denmark,"6' 2""",161 lbs,0,0,0,0,0,0,0,0,0,0,0,0,0,0,0
115,2025,2025-26 English Premier League,Arsenal,Midfielder,Martin Ødegaard,8,26,Norway,"5' 10""",150 lbs,6,2,0,1,4,1,0,0,0,0,1,2,3,0,0
123,2025,2025-26 English Premier League,Arsenal,Midfielder,Mikel Merino,23,29,Spain,"6' 2""",183 lbs,6,3,1,0,4,2,0,0,0,0,1,6,5,0,0
186,2025,2025-26 English Premier League,Arsenal,Midfielder,Declan Rice,41,26,England,"6' 2""",183 lbs,7,1,1,2,6,1,0,0,0,0,3,5,0,0,0
225,2025,2025-26 English Premier League,Arsenal,Midfielder,Eberechi Eze,-1,27,England,"5' 10""",161 lbs,6,2,0,2,17,6,1,0,0,0,2,4,4,0,0
330,2025,2025-26 English Premier League,Arsenal,Midfielder,Martín Zubimendi,36,26,Spain,"5' 11""",161 lbs,7,1,2,0,6,2,0,0,0,0,3,10,1,1,0
477,2025,2025-26 English Premier League,Arsenal,Midfielder,Ethan Nwaneri,22,18,England,"5' 9""",152 lbs,4,4,0,0,5,0,0,0,0,0,0,1,0,0,0
528,2025,2025-26 English Premier League,Arsenal,Midfielder,Max Dowman,56,15,England,"6' 0""",NaN,2,2,0,0,3,0,0,0,0,0,0,0,2,0,0
76,2025,2025-26 English Premier League,Arsenal,Forward,Leandro Trossard,19,30,Belgium,"5' 8""",132 lbs,5,2,0,1,6,0,1,0,0,0,2,1,2,0,0
153,2025,2025-26 English Premier League,Arsenal,Forward,Reiss Nelson,11,25,England,"5' 9""",157 lbs,0,0,0,0,0,0,0,0,0,0,0,0,0,0,0
163,2025,2025-26 English Premier League,Arsenal,Forward,Kai Havertz,29,26,Germany,"6' 4""",183 lbs,1,1,0,0,0,0,0,0,0,0,0,0,2,0,0
243,2025,2025-26 English Premier League,Arsenal,Forward,Viktor Gyökeres,14,27,Sweden,"6' 2""",196 lbs,7,0,3,0,15,5,2,0,0,0,3,5,9,1,0
276,2025,2025-26 English Premier League,Arsenal,Forward,Gabriel Martinelli,11,24,Brazil,"5' 10""",163 lbs,6,4,1,0,3,2,0,0,0,0,0,1,3,0,0
302,2025,2025-26 English Premier League,Arsenal,Forward,Bukayo Saka,7,24,England,"5' 10""",159 lbs,5,1,2,0,9,3,3,0,0,0,1,7,9,0,0
351,2025,2025-26 English Premier League,Arsenal,Forward,Noni Madueke,20,23,England,"6' 0""",163 lbs,5,1,0,0,5,2,0,0,0,0,2,5,4,0,0
523,2025,2025-26 English Premier League,Arsenal,Forward,Andre Annous,71,17,England,"5' 11""",NaN,0,0,0,0,0,0,0,0,0,0,0,0,0,0,0
28,2025,2025-26 English Premier League,Aston Villa,Goalkeeper,Marco Bizot,40,34,Netherlands,"6' 4""",192 lbs,2,0,0,0,0,0,0,0,0,4,3,1,0,1,0
55,2025,2025-26 English Premier League,Aston Villa,Goalkeeper,Emiliano Martínez,23,33,Argentina,"6' 5""",192 lbs,5,0,0,0,0,0,0,0,0,10,4,0,4,1,0
180,2025,2025-26 English Premier League,Aston Villa,Goalkeeper,James Wright,64,20,England,"6' 2""",NaN,0,0,0,0,0,0,0,0,0,0,0,0,0,0,0
502,2025,2025-26 English Premier League,Aston Villa,Goalkeeper,Sam Proctor,-1,18,England,NaN,NaN,0,0,0,0,0,0,0,0,0,0,0,0,0,0,0
58,2025,2025-26 English Premier League,Aston Villa,Defender,Lucas Digne,12,32,France,"5' 10""",161 lbs,7,1,0,1,4,2,2,0,0,0,3,5,4,2,0
84,2025,2025-26 English Premier League,Aston Villa,Defender,Tyrone Mings,5,32,England,"6' 5""",170 lbs,6,0,0,0,3,0,0,0,0,0,6,3,3,0,0
117,2025,2025-26 English Premier League,Aston Villa,Defender,Victor Lindelöf,3,31,Sweden,"6' 2""",174 lbs,3,3,0,0,0,0,0,0,0,0,0,0,0,0,0
166,2025,2025-26 English Premier League,Aston Villa,Defender,Ezri Konsa,4,27,England,"6' 0""",161 lbs,6,0,0,0,1,1,0,0,0,0,6,3,7,0,1
176,2025,2025-26 English Premier League,Aston Villa,Defender,Matty Cash,2,28,Poland,"6' 1""",172 lbs,7,0,1,0,5,2,2,0,0,0,6,7,6,2,0
224,2025,2025-26 English Premier League,Aston Villa,Defender,Pau Torres,14,28,Spain,"6' 3""",174 lbs,4,2,0,0,2,0,0,0,0,0,3,0,0,0,0
307,2025,2025-26 English Premier League,Aston Villa,Defender,Ian Maatsen,22,23,Netherlands,"5' 10""",126 lbs,4,3,0,0,2,0,1,0,0,0,4,1,2,1,0
408,2025,2025-26 English Premier League,Aston Villa,Defender,Lamare Bogarde,-1,21,Netherlands,"6' 0""",168 lbs,6,3,0,0,0,0,0,0,0,0,2,6,9,1,0
444,2025,2025-26 English Premier League,Aston Villa,Defender,Travis Patterson,55,20,England,"5' 10""",139 lbs,0,0,0,0,0,0,0,0,0,0,0,0,0,0,0
475,2025,2025-26 English Premier League,Aston Villa,Defender,Triston Rowe,2,19,England,"6' 0""",152 lbs,0,0,0,0,0,0,0,0,0,0,0,0,0,0,0
45,2025,2025-26 English Premier League,Aston Villa,Midfielder,Ross Barkley,6,31,England,"6' 2""",168 lbs,1,1,0,0,1,0,0,0,0,0,0,0,0,0,0
61,2025,2025-26 English Premier League,Aston Villa,Midfielder,John McGinn,-1,30,Scotland,"5' 10""",150 lbs,7,0,1,0,7,2,0,0,0,0,5,9,11,1,0
94,2025,2025-26 English Premier League,Aston Villa,Midfielder,Youri Tielemans,8,28,Belgium,"5' 9""",159 lbs,4,0,0,0,5,1,0,0,0,0,4,6,3,0,0
128,2025,2025-26 English Premier League,Aston Villa,Midfielder,Emiliano Buendía,10,28,Argentina,"5' 8""",159 lbs,6,4,1,1,10,1,0,0,0,0,3,10,5,2,0
222,2025,2025-26 English Premier League,Aston Villa,Midfielder,Boubacar Kamara,44,25,France,"6' 0""",150 lbs,5,1,0,2,2,1,0,0,0,0,3,3,7,1,0
304,2025,2025-26 English Premier League,Aston Villa,Midfielder,Harvey Elliott,9,22,England,"5' 7""",139 lbs,4,3,0,0,3,0,0,0,0,0,2,0,2,0,0
328,2025,2025-26 English Premier League,Aston Villa,Midfielder,Jacob Ramsey,41,24,England,"5' 11""",163 lbs,2,1,0,0,1,0,0,0,0,0,1,0,0,0,0
387,2025,2025-26 English Premier League,Aston Villa,Midfielder,Amadou Onana,24,24,Belgium,"6' 5""",168 lbs,3,1,0,0,2,1,0,0,0,0,1,1,3,1,0
511,2025,2025-26 English Premier League,Aston Villa,Midfielder,Jamaldeen Jimoh,20,19,England,"6' 0""",157 lbs,0,0,0,0,0,0,0,0,0,0,0,0,0,0,0
524,2025,2025-26 English Premier League,Aston Villa,Midfielder,Bradley Burrowes,-1,17,England,NaN,NaN,1,1,0,0,0,0,0,0,0,0,1,0,1,0,0
108,2025,2025-26 English Premier League,Aston Villa,Forward,Ollie Watkins,-1,29,England,"5' 11""",163 lbs,7,0,1,0,11,3,6,0,0,0,6,4,9,0,0
246,2025,2025-26 English Premier League,Aston Villa,Forward,Donyell Malen,17,26,Netherlands,"5' 9""",150 lbs,7,5,2,0,8,3,1,0,0,0,5,0,2,0,0
251,2025,2025-26 English Premier League,Aston Villa,Forward,Jadon Sancho,19,25,England,"5' 11""",168 lbs,1,1,0,0,1,0,0,0,0,0,0,0,0,0,0
263,2025,2025-26 English Premier League,Aston Villa,Forward,Morgan Rogers,27,23,England,"6' 2""",174 lbs,7,0,0,2,7,4,0,0,0,0,7,7,7,0,0
333,2025,2025-26 English Premier League,Aston Villa,Forward,Evann Guessand,29,24,France,"6' 1""",172 lbs,6,3,0,0,2,2,0,0,0,0,3,5,5,0,0
463,2025,2025-26 English Premier League,Aston Villa,Forward,Samuel Iling-Junior,22,22,England,"6' 0""",161 lbs,0,0,0,0,0,0,0,0,0,0,0,0,0,0,0
293,2025,2025-26 English Premier League,Brentford,Goalkeeper,Caoimhín Kelleher,1,26,Republic of Ireland,"6' 2""",161 lbs,7,0,0,0,0,0,0,0,0,19,12,0,1,1,0
410,2025,2025-26 English Premier League,Brentford,Goalkeeper,Hákon Rafn Valdimarsson,12,23,Iceland,"6' 2""",194 lbs,0,0,0,0,0,0,0,0,0,0,0,0,0,0,0
119,2025,2025-26 English Premier League,Brentford,Defender,Kristoffer Ajer,-1,27,Norway,"6' 6""",203 lbs,4,3,0,1,2,1,0,0,0,0,2,1,0,0,0
121,2025,2025-26 English Premier League,Brentford,Defender,Rico Henry,3,28,England,"5' 7""",148 lbs,6,5,0,0,2,0,0,0,0,0,6,2,2,1,0
198,2025,2025-26 English Premier League,Brentford,Defender,Ethan Pinnock,5,32,Jamaica,"6' 4""",172 lbs,2,0,0,0,0,0,0,1,0,0,4,0,2,1,0
215,2025,2025-26 English Premier League,Brentford,Defender,Mads Roerslev,-1,26,Denmark,"6' 0""",170 lbs,0,0,0,0,0,0,0,0,0,0,0,0,0,0,0
278,2025,2025-26 English Premier League,Brentford,Defender,Sepp van den Berg,4,23,Netherlands,"6' 2""",161 lbs,7,0,0,0,4,3,0,0,0,0,12,3,1,0,0
301,2025,2025-26 English Premier League,Brentford,Defender,Nathan Collins,-1,24,Republic of Ireland,"6' 4""",183 lbs,7,0,0,0,3,2,1,0,0,0,12,9,9,3,0
320,2025,2025-26 English Premier League,Brentford,Defender,Aaron Hickey,-1,23,Scotland,"5' 10""",159 lbs,5,3,0,0,1,0,0,0,0,0,3,2,2,1,0
486,2025,2025-26 English Premier League,Brentford,Defender,Michael Kayode,33,21,Italy,"5' 10""",161 lbs,7,0,0,0,1,0,0,0,0,0,11,7,5,0,0
500,2025,2025-26 English Premier League,Brentford,Defender,Benjamin Arthur,43,19,England,"6' 2""",174 lbs,0,0,0,0,0,0,0,0,0,0,0,0,0,0,0
22,2025,2025-26 English Premier League,Brentford,Midfielder,Jordan Henderson,-1,35,England,"6' 0""",172 lbs,7,1,0,2,1,0,1,0,0,0,7,5,2,1,0
149,2025,2025-26 English Premier League,Brentford,Midfielder,Vitaly Janelt,27,27,Germany,"6' 0""",172 lbs,3,3,0,0,1,0,0,0,0,0,0,1,0,0,0
150,2025,2025-26 English Premier League,Brentford,Midfielder,Mathias Jensen,42,29,Denmark,"5' 11""",159 lbs,5,3,1,0,2,1,1,0,0,0,4,0,1,0,0
161,2025,2025-26 English Premier League,Brentford,Midfielder,Fábio Carvalho,14,23,Portugal,"5' 7""",137 lbs,5,4,1,0,2,1,0,0,0,0,4,0,0,0,0
242,2025,2025-26 English Premier League,Brentford,Midfielder,Frank Onyeka,-1,27,Nigeria,"6' 0""",152 lbs,5,5,0,1,0,0,0,0,0,0,2,3,3,0,0
394,2025,2025-26 English Premier League,Brentford,Midfielder,Myles Peart-Harris,25,23,England,"6' 2""",174 lbs,0,0,0,0,0,0,0,0,0,0,0,0,0,0,0
402,2025,2025-26 English Premier League,Brentford,Midfielder,Mikkel Damsgaard,24,25,Denmark,"5' 11""",146 lbs,5,0,1,0,3,1,1,0,0,0,7,5,6,0,0
409,2025,2025-26 English Premier League,Brentford,Midfielder,Kevin Schade,7,23,Germany,"6' 0""",161 lbs,7,1,1,0,10,4,1,0,0,0,8,10,7,2,0
425,2025,2025-26 English Premier League,Brentford,Midfielder,Antoni Milambo,17,20,Netherlands,"5' 10""",150 lbs,1,0,0,0,0,0,0,0,0,0,3,0,0,0,0
464,2025,2025-26 English Premier League,Brentford,Midfielder,Yehor Yarmoliuk,-1,21,Ukraine,"5' 11""",159 lbs,7,0,0,1,5,2,0,0,0,0,12,11,2,1,0
152,2025,2025-26 English Premier League,Brentford,Forward,Reiss Nelson,11,25,England,"5' 9""",157 lbs,0,0,0,0,0,0,0,0,0,0,0,0,0,0,0
321,2025,2025-26 English Premier League,Brentford,Forward,Keane Lewis-Potter,23,24,England,"5' 7""",148 lbs,6,1,0,0,2,0,0,0,0,0,8,4,7,0,0
377,2025,2025-26 English Premier League,Brentford,Forward,Igor Thiago,9,24,Brazil,"6' 3""",185 lbs,7,0,4,0,12,6,3,0,0,0,11,15,2,2,0
416,2025,2025-26 English Premier League,Brentford,Forward,Dango Ouattara,19,23,Burkina Faso,"5' 10""",157 lbs,6,3,1,0,6,4,1,0,0,0,4,10,6,1,0
17,2025,2025-26 English Premier League,Brighton & Hove Albion,Goalkeeper,Jason Steele,23,35,England,"6' 2""",172 lbs,0,0,0,0,0,0,0,0,0,0,0,0,0,0,0
346,2025,2025-26 English Premier League,Brighton & Hove Albion,Goalkeeper,Bart Verbruggen,-1,23,Netherlands,"6' 4""",146 lbs,7,0,0,0,0,0,0,1,0,14,10,0,0,0,0
37,2025,2025-26 English Premier League,Brighton & Hove Albion,Defender,Lewis Dunk,5,33,England,"6' 4""",192 lbs,7,0,0,0,6,0,0,0,0,0,10,5,3,3,0
70,2025,2025-26 English Premier League,Brighton & Hove Albion,Defender,Joël Veltman,34,33,Netherlands,"6' 0""",163 lbs,4,0,0,0,0,0,1,0,0,0,6,2,9,2,0
133,2025,2025-26 English Premier League,Brighton & Hove Albion,Defender,Olivier Boscagli,21,27,France,"5' 11""",150 lbs,0,0,0,0,0,0,0,0,0,0,0,0,0,0,0
187,2025,2025-26 English Premier League,Brighton & Hove Albion,Defender,Ferdi Kadioglu,-1,26,Turkey,"5' 9""",150 lbs,6,3,0,0,2,1,0,0,0,0,6,4,6,2,0
312,2025,2025-26 English Premier League,Brighton & Hove Albion,Defender,Jan Paul van Hecke,6,25,Netherlands,"6' 2""",172 lbs,7,0,1,0,4,2,2,1,0,0,10,4,9,2,0
371,2025,2025-26 English Premier League,Brighton & Hove Albion,Defender,Maxim De Cuyper,29,24,Belgium,"6' 0""",159 lbs,6,2,1,0,2,2,1,0,0,0,5,7,7,1,0
448,2025,2025-26 English Premier League,Brighton & Hove Albion,Defender,Diego Coppola,42,21,Italy,"6' 4""",172 lbs,2,2,0,0,0,0,0,0,0,0,1,0,0,0,0
3,2025,2025-26 English Premier League,Brighton & Hove Albion,Midfielder,James Milner,20,39,England,"5' 9""",152 lbs,5,4,1,0,1,1,0,0,0,0,4,3,2,1,0
91,2025,2025-26 English Premier League,Brighton & Hove Albion,Midfielder,Diego Gómez,25,22,Paraguay,"6' 0""",170 lbs,6,3,0,0,5,2,0,0,0,0,5,8,6,2,0
255,2025,2025-26 English Premier League,Brighton & Hove Albion,Midfielder,Matt O'Riley,-1,24,Denmark,"6' 2""",170 lbs,2,0,1,0,4,2,1,0,0,0,2,1,0,0,0
288,2025,2025-26 English Premier League,Brighton & Hove Albion,Midfielder,Kaoru Mitoma,22,28,Japan,"5' 10""",161 lbs,6,0,1,1,6,3,1,0,0,0,8,11,3,1,0
310,2025,2025-26 English Premier League,Brighton & Hove Albion,Midfielder,Mats Wieffer,27,25,Netherlands,"6' 2""",172 lbs,5,2,0,1,3,1,2,0,0,0,4,6,1,3,0
384,2025,2025-26 English Premier League,Brighton & Hove Albion,Midfielder,Yasin Ayari,-1,22,Sweden,"5' 8""",150 lbs,7,2,1,0,11,4,0,0,0,0,9,6,10,0,0
438,2025,2025-26 English Premier League,Brighton & Hove Albion,Midfielder,Jack Hinshelwood,13,20,England,"5' 11""",168 lbs,3,1,0,0,0,0,0,0,0,0,2,3,1,0,0
455,2025,2025-26 English Premier League,Brighton & Hove Albion,Midfielder,Carlos Baleba,-1,21,Cameroon,"5' 10""",161 lbs,7,1,0,0,3,0,0,0,0,0,5,11,5,2,0
488,2025,2025-26 English Premier League,Brighton & Hove Albion,Midfielder,Brajan Gruda,-1,21,Germany,"5' 10""",152 lbs,7,5,1,1,9,3,1,0,0,0,3,2,5,0,0
18,2025,2025-26 English Premier League,Brighton & Hove Albion,Forward,Danny Welbeck,18,34,England,"6' 1""",161 lbs,7,3,2,0,7,3,0,0,0,0,8,5,1,2,0
299,2025,2025-26 English Premier League,Brighton & Hove Albion,Forward,Georginio Rutter,10,23,France,"6' 0""",183 lbs,6,2,0,1,6,3,3,0,0,0,4,7,9,1,0
474,2025,2025-26 English Premier League,Brighton & Hove Albion,Forward,Yankuba Minteh,11,21,Gambia,"5' 11""",141 lbs,7,0,1,2,11,3,3,0,0,0,8,6,8,0,0
487,2025,2025-26 English Premier League,Brighton & Hove Albion,Forward,Stefanos Tzimas,9,19,Greece,"6' 1""",170 lbs,3,3,0,1,2,0,0,0,0,0,0,1,0,0,0
521,2025,2025-26 English Premier League,Brighton & Hove Albion,Forward,Charalambos Kostoulas,19,18,Greece,"6' 1""",NaN,0,0,0,0,0,0,0,0,0,0,0,0,0,0,0
530,2025,2025-26 English Premier League,Brighton & Hove Albion,Forward,Tom Watson,14,19,England,"5' 6""",139 lbs,0,0,0,0,0,0,0,0,0,0,0,0,0,0,0
16,2025,2025-26 English Premier League,Chelsea,Goalkeeper,Robert Sánchez,1,27,Spain,"6' 6""",196 lbs,7,0,0,0,0,0,0,0,0,13,7,1,3,0,1
329,2025,2025-26 English Premier League,Chelsea,Goalkeeper,Gaga Slonina,44,21,USA,"6' 4""",192 lbs,0,0,0,0,0,0,0,0,0,0,0,0,0,0,0
385,2025,2025-26 English Premier League,Chelsea,Goalkeeper,Filip Jørgensen,-1,23,Denmark,"6' 4""",185 lbs,1,1,0,0,0,0,0,0,0,0,2,0,0,0,0
85,2025,2025-26 English Premier League,Chelsea,Defender,Reece James,24,25,England,"6' 0""",181 lbs,7,3,0,1,4,2,0,0,0,0,7,9,6,2,0
151,2025,2025-26 English Premier League,Chelsea,Defender,Trevoh Chalobah,23,26,England,"6' 3""",163 lbs,6,0,2,0,8,2,0,0,0,0,5,5,6,1,1
164,2025,2025-26 English Premier League,Chelsea,Defender,Tosin Adarabioyo,4,28,England,"6' 5""",174 lbs,4,1,0,0,1,0,1,0,0,0,5,3,0,1,0
253,2025,2025-26 English Premier League,Chelsea,Defender,Marc Cucurella,3,27,Spain,"5' 9""",146 lbs,7,1,0,2,5,2,0,0,0,0,8,9,8,2,0
277,2025,2025-26 English Premier League,Chelsea,Defender,Wesley Fofana,29,24,France,"6' 3""",183 lbs,3,1,0,0,0,0,1,0,0,0,3,1,3,0,0
313,2025,2025-26 English Premier League,Chelsea,Defender,Benoît Badiashile,5,24,France,"6' 4""",163 lbs,2,1,0,0,0,0,0,0,0,0,2,0,0,1,0
403,2025,2025-26 English Premier League,Chelsea,Defender,Malo Gusto,27,22,France,"5' 10""",148 lbs,6,3,0,1,2,0,0,0,0,0,5,2,4,0,0
480,2025,2025-26 English Premier League,Chelsea,Defender,Jorrel Hato,21,19,Netherlands,"6' 0""",168 lbs,4,2,0,0,0,0,0,0,0,0,2,2,0,2,0
503,2025,2025-26 English Premier League,Chelsea,Defender,Josh Acheampong,34,19,England,"6' 0""",163 lbs,3,1,0,0,1,0,0,0,0,0,4,0,2,0,0
325,2025,2025-26 English Premier League,Chelsea,Midfielder,Enzo Fernández,8,24,Argentina,"5' 10""",168 lbs,7,0,3,1,11,5,1,0,0,0,9,6,10,1,0
337,2025,2025-26 English Premier League,Chelsea,Midfielder,Moisés Caicedo,25,23,Ecuador,"5' 10""",161 lbs,7,0,3,0,8,4,0,0,0,0,9,7,12,1,0
354,2025,2025-26 English Premier League,Chelsea,Midfielder,Cole Palmer,10,23,England,"6' 2""",168 lbs,4,1,1,0,9,2,0,0,0,0,2,1,1,0,0
399,2025,2025-26 English Premier League,Chelsea,Midfielder,Romeo Lavia,45,21,Belgium,"5' 11""",168 lbs,2,2,0,0,0,0,0,0,0,0,3,0,0,0,0
415,2025,2025-26 English Premier League,Chelsea,Midfielder,Andrey Santos,17,21,Brazil,"5' 11""",163 lbs,5,4,0,0,3,1,0,0,0,0,1,2,4,1,0
417,2025,2025-26 English Premier League,Chelsea,Midfielder,Dário Essugo,14,20,Portugal,"5' 10""",172 lbs,0,0,0,0,0,0,0,0,0,0,0,0,0,0,0
420,2025,2025-26 English Premier League,Chelsea,Midfielder,Facundo Buonanotte,40,20,Argentina,"5' 9""",146 lbs,1,0,0,0,0,0,0,0,0,0,1,0,0,0,0
495,2025,2025-26 English Premier League,Chelsea,Midfielder,Marc Guiu,38,19,Spain,"6' 2""",181 lbs,3,3,0,0,2,0,0,0,0,0,1,1,0,0,0
515,2025,2025-26 English Premier League,Chelsea,Midfielder,Landon Emenalo,56,17,England,"5' 10""",NaN,0,0,0,0,0,0,0,0,0,0,0,0,0,0,0
237,2025,2025-26 English Premier League,Chelsea,Forward,Pedro Neto,7,25,Portugal,"5' 9""",137 lbs,7,0,1,0,8,1,2,0,0,0,5,1,5,0,0
324,2025,2025-26 English Premier League,Chelsea,Forward,João Pedro,20,24,Brazil,"6' 0""",152 lbs,7,0,2,3,10,3,3,0,0,0,8,6,14,0,0
396,2025,2025-26 English Premier League,Chelsea,Forward,Liam Delap,9,22,England,"6' 1""",159 lbs,3,1,0,0,3,2,1,0,0,0,1,1,1,0,0
436,2025,2025-26 English Premier League,Chelsea,Forward,Alejandro Garnacho,49,21,Argentina,"5' 11""",161 lbs,2,1,0,0,1,0,0,0,0,0,2,0,2,0,0
459,2025,2025-26 English Premier League,Chelsea,Forward,Jamie Gittens,-1,21,England,"5' 9""",152 lbs,5,3,0,0,5,2,2,0,0,0,1,5,1,0,0
504,2025,2025-26 English Premier League,Chelsea,Forward,Tyrique George,32,19,England,"5' 11""",163 lbs,3,3,0,0,2,2,2,0,0,0,1,6,1,2,0
509,2025,2025-26 English Premier League,Chelsea,Forward,Estêvão,41,18,Brazil,"5' 9""",137 lbs,6,2,1,1,8,4,2,0,0,0,1,4,0,1,0
100,2025,2025-26 English Premier League,Crystal Palace,Goalkeeper,Walter Benítez,44,32,Argentina,"6' 3""",201 lbs,0,0,0,0,0,0,0,0,0,0,0,0,0,0,0
118,2025,2025-26 English Premier League,Crystal Palace,Goalkeeper,Remi Matthews,31,31,England,"6' 0""",172 lbs,0,0,0,0,0,0,0,0,0,0,0,0,0,0,0
174,2025,2025-26 English Premier League,Crystal Palace,Goalkeeper,Dean Henderson,1,28,England,"6' 2""",185 lbs,7,0,0,0,0,0,0,0,0,16,5,0,2,1,0
23,2025,2025-26 English Premier League,Crystal Palace,Defender,Nathaniel Clyne,17,34,England,"5' 9""",148 lbs,1,1,0,0,0,0,0,0,0,0,0,0,0,0,0
36,2025,2025-26 English Premier League,Crystal Palace,Defender,Daniel Muñoz,2,29,Colombia,"5' 11""",161 lbs,7,0,1,1,10,4,0,0,0,0,5,10,6,3,0
155,2025,2025-26 English Premier League,Crystal Palace,Defender,Borna Sosa,24,27,Croatia,"6' 2""",172 lbs,0,0,0,0,0,0,0,0,0,0,0,0,0,0,0
264,2025,2025-26 English Premier League,Crystal Palace,Defender,Marc Guéhi,-1,25,England,"6' 0""",174 lbs,7,0,1,1,5,2,0,0,0,0,5,3,8,0,0
266,2025,2025-26 English Premier League,Crystal Palace,Defender,Maxence Lacroix,5,25,France,"6' 3""",192 lbs,7,0,0,1,2,1,0,0,0,0,5,7,4,1,0
284,2025,2025-26 English Premier League,Crystal Palace,Defender,Chris Richards,26,25,USA,"6' 2""",192 lbs,7,0,0,0,3,0,0,0,0,0,5,3,1,0,0
369,2025,2025-26 English Premier League,Crystal Palace,Defender,Tyrick Mitchell,3,26,England,"5' 9""",150 lbs,7,0,1,0,4,2,0,0,0,0,5,2,3,2,0
518,2025,2025-26 English Premier League,Crystal Palace,Defender,Jaydee Canvot,23,19,France,"6' 2""",163 lbs,0,0,0,0,0,0,0,0,0,0,0,0,0,0,0
66,2025,2025-26 English Premier League,Crystal Palace,Midfielder,Will Hughes,19,30,England,"6' 1""",161 lbs,6,1,0,0,3,0,0,0,0,0,3,8,4,3,0
105,2025,2025-26 English Premier League,Crystal Palace,Midfielder,Jefferson Lerma,8,30,Colombia,"5' 10""",152 lbs,7,6,0,0,6,2,0,0,0,0,2,3,4,1,0
139,2025,2025-26 English Premier League,Crystal Palace,Midfielder,Daichi Kamada,18,29,Japan,"6' 0""",168 lbs,5,0,0,0,5,2,1,0,0,0,3,8,8,0,0
226,2025,2025-26 English Premier League,Crystal Palace,Midfielder,Eberechi Eze,-1,27,England,"5' 10""",161 lbs,1,0,0,0,6,2,0,0,0,0,0,2,1,0,0
344,2025,2025-26 English Premier League,Crystal Palace,Midfielder,Justin Devenny,55,21,Northern Ireland,"5' 10""",161 lbs,7,6,0,0,5,2,1,0,0,0,3,6,2,0,0
359,2025,2025-26 English Premier League,Crystal Palace,Midfielder,Yeremy Pino,10,22,Spain,"5' 8""",141 lbs,5,1,0,0,8,2,0,0,0,0,1,8,7,1,0
454,2025,2025-26 English Premier League,Crystal Palace,Midfielder,Adam Wharton,20,21,England,"6' 0""",170 lbs,6,0,0,0,3,0,0,0,0,0,4,4,5,1,0
466,2025,2025-26 English Premier League,Crystal Palace,Midfielder,Kaden Rodney,42,21,England,"6' 2""",148 lbs,0,0,0,0,0,0,0,0,0,0,0,0,0,0,0
483,2025,2025-26 English Premier League,Crystal Palace,Midfielder,Romain Esse,21,20,England,"5' 9""",148 lbs,1,1,0,0,0,0,0,0,0,0,0,1,2,0,0
497,2025,2025-26 English Premier League,Crystal Palace,Midfielder,Rio Cardines,-1,19,Trinidad and Tobago,"5' 9""",NaN,0,0,0,0,0,0,0,0,0,0,0,0,0,0,0
519,2025,2025-26 English Premier League,Crystal Palace,Midfielder,Christantus Uche,12,22,Nigeria,"6' 3""",183 lbs,2,2,0,0,1,1,0,0,0,0,1,0,1,0,0
141,2025,2025-26 English Premier League,Crystal Palace,Forward,Odsonne Édouard,11,27,France,"6' 2""",183 lbs,1,1,0,0,0,0,0,0,0,0,0,0,1,0,0
196,2025,2025-26 English Premier League,Crystal Palace,Forward,Ismaïla Sarr,7,27,Senegal,"6' 1""",168 lbs,5,0,3,1,7,4,3,0,0,0,2,5,4,1,0
199,2025,2025-26 English Premier League,Crystal Palace,Forward,Jean-Philippe Mateta,-1,28,France,"6' 4""",192 lbs,7,0,2,0,17,11,3,0,0,0,3,6,6,2,0
247,2025,2025-26 English Premier League,Crystal Palace,Forward,Eddie Nketiah,9,26,England,"5' 9""",159 lbs,3,3,1,0,3,1,1,0,0,0,3,2,1,1,0
419,2025,2025-26 English Premier League,Crystal Palace,Forward,Jesurun Rak-Sakyi,19,23,England,"5' 10""",NaN,0,0,0,0,0,0,0,0,0,0,0,0,0,0,0
2,2025,2025-26 English Premier League,Everton,Goalkeeper,Mark Travers,-1,26,Republic of Ireland,"6' 3""",181 lbs,0,0,0,0,0,0,0,0,0,0,0,0,0,0,0
38,2025,2025-26 English Premier League,Everton,Goalkeeper,Tom King,31,30,Wales,"6' 4""",174 lbs,0,0,0,0,0,0,0,0,0,0,0,0,0,0,0
57,2025,2025-26 English Premier League,Everton,Goalkeeper,Jordan Pickford,1,31,England,"6' 1""",181 lbs,7,0,0,0,0,0,0,0,0,17,7,0,1,0,0
352,2025,2025-26 English Premier League,Everton,Goalkeeper,Harry Tyrer,53,23,England,"6' 4""",NaN,0,0,0,0,0,0,0,0,0,0,0,0,0,0,0
0,2025,2025-26 English Premier League,Everton,Defender,Michael Keane,5,32,England,"6' 3""",181 lbs,7,0,1,0,8,2,0,0,0,0,7,4,1,0,0
27,2025,2025-26 English Premier League,Everton,Defender,Seamus Coleman,-1,36,Republic of Ireland,"5' 10""",148 lbs,2,2,0,0,0,0,0,0,0,0,0,0,1,0,0
49,2025,2025-26 English Premier League,Everton,Defender,James Tarkowski,6,32,England,"6' 1""",179 lbs,7,0,0,0,1,0,0,0,0,0,7,7,5,1,0
259,2025,2025-26 English Premier League,Everton,Defender,Vitaliy Mykolenko,-1,26,Ukraine,"5' 11""",157 lbs,4,0,0,0,1,0,0,0,0,0,6,4,5,1,0
282,2025,2025-26 English Premier League,Everton,Defender,Nathan Patterson,2,23,Scotland,"6' 2""",183 lbs,0,0,0,0,0,0,0,0,0,0,0,0,0,0,0
318,2025,2025-26 English Premier League,Everton,Defender,Jake O'Brien,15,24,Republic of Ireland,"6' 6""",203 lbs,7,0,0,0,5,1,1,0,0,0,7,3,3,0,0
439,2025,2025-26 English Premier League,Everton,Defender,Elijah Campbell,-1,21,England,"6' 0""",139 lbs,0,0,0,0,0,0,0,0,0,0,0,0,0,0,0
513,2025,2025-26 English Premier League,Everton,Defender,Adam Aznou,39,19,Morocco,"5' 10""",152 lbs,0,0,0,0,0,0,0,0,0,0,0,0,0,0,0
35,2025,2025-26 English Premier League,Everton,Midfielder,Idrissa Gueye,27,36,Senegal,"5' 9""",146 lbs,7,0,1,0,10,2,0,0,0,0,6,3,6,0,0
72,2025,2025-26 English Premier League,Everton,Midfielder,Jack Grealish,18,30,England,"5' 11""",170 lbs,7,1,1,4,10,5,0,0,0,0,7,4,26,2,0
230,2025,2025-26 English Premier League,Everton,Midfielder,Kiernan Dewsbury-Hall,22,27,England,"5' 10""",174 lbs,6,0,1,1,6,1,0,0,0,0,6,11,11,5,0
295,2025,2025-26 English Premier League,Everton,Midfielder,James Garner,37,24,England,"6' 1""",172 lbs,7,0,1,1,12,4,0,0,0,0,7,4,4,2,0
365,2025,2025-26 English Premier League,Everton,Midfielder,Tyler Onyango,24,22,England,"6' 3""",168 lbs,0,0,0,0,0,0,0,0,0,0,0,0,0,0,0
378,2025,2025-26 English Premier League,Everton,Midfielder,Carlos Alcaraz,24,22,Argentina,"5' 9""",150 lbs,5,4,0,0,3,2,0,0,0,0,1,1,2,1,0
407,2025,2025-26 English Premier League,Everton,Midfielder,Tim Iroegbunam,42,22,England,"6' 0""",152 lbs,5,2,0,0,3,0,0,0,0,0,1,6,5,3,0
411,2025,2025-26 English Premier League,Everton,Midfielder,Merlin Rohl,34,23,Germany,"6' 4""",163 lbs,1,1,0,0,1,0,0,0,0,0,0,2,1,0,0
462,2025,2025-26 English Premier League,Everton,Midfielder,Tyler Dibling,20,19,England,"5' 10""",159 lbs,3,2,0,0,0,0,0,0,0,0,1,3,4,0,0
512,2025,2025-26 English Premier League,Everton,Midfielder,Harrison Armstrong,5,18,England,"6' 1""",152 lbs,1,1,0,0,0,0,0,0,0,0,0,0,0,0,0
274,2025,2025-26 English Premier League,Everton,Forward,Iliman Ndiaye,-1,25,Senegal,"5' 11""",152 lbs,7,0,3,1,6,5,2,0,0,0,7,9,11,2,0
286,2025,2025-26 English Premier League,Everton,Forward,Dwight McNeil,7,25,England,"6' 0""",150 lbs,1,1,0,0,2,0,0,0,0,0,0,0,0,0,0
335,2025,2025-26 English Premier League,Everton,Forward,Beto,-1,27,Guinea-Bissau,"6' 4""",192 lbs,7,2,1,0,11,3,2,0,0,0,5,8,5,1,0
370,2025,2025-26 English Premier League,Everton,Forward,Thierno Barry,11,22,France,"6' 5""",181 lbs,7,5,0,0,4,0,1,0,0,0,2,3,0,0,0
469,2025,2025-26 English Premier League,Everton,Forward,Youssef Chermiti,9,21,Portugal,"6' 4""",183 lbs,0,0,0,0,0,0,0,0,0,0,0,0,0,0,0
40,2025,2025-26 English Premier League,Fulham,Goalkeeper,Benjamin Lecomte,23,34,France,"6' 1""",172 lbs,0,0,0,0,0,0,0,0,0,0,0,0,0,0,0
47,2025,2025-26 English Premier League,Fulham,Goalkeeper,Bernd Leno,1,33,Germany,"6' 2""",181 lbs,7,0,0,0,0,0,0,0,0,19,11,0,3,1,0
89,2025,2025-26 English Premier League,Fulham,Defender,Kenny Tete,2,29,Netherlands,"5' 11""",157 lbs,5,0,0,0,1,0,1,0,0,0,5,3,10,0,0
101,2025,2025-26 English Premier League,Fulham,Defender,Joachim Andersen,5,29,Denmark,"6' 4""",190 lbs,7,0,0,0,3,1,0,0,0,0,11,7,5,0,0
104,2025,2025-26 English Premier League,Fulham,Defender,Timothy Castagne,-1,29,Belgium,"6' 1""",174 lbs,5,1,0,0,4,1,0,0,0,0,9,3,1,0,0
143,2025,2025-26 English Premier League,Fulham,Defender,Antonee Robinson,33,28,USA,"6' 0""",152 lbs,3,3,0,0,0,0,0,0,0,0,0,0,0,0,0
160,2025,2025-26 English Premier League,Fulham,Defender,Issa Diop,31,28,France,"6' 4""",203 lbs,1,0,0,0,0,0,0,0,0,0,2,2,0,1,0
229,2025,2025-26 English Premier League,Fulham,Defender,Jorge Cuenca,15,25,Spain,"6' 3""",163 lbs,2,1,0,0,0,0,0,0,0,0,1,0,0,0,0
260,2025,2025-26 English Premier League,Fulham,Defender,Calvin Bassey,3,25,Nigeria,"6' 1""",168 lbs,7,0,0,0,2,0,0,0,0,0,11,6,9,2,0
31,2025,2025-26 English Premier League,Fulham,Midfielder,Tom Cairney,10,34,Scotland,"6' 1""",183 lbs,4,4,0,0,4,0,0,0,0,0,3,3,5,1,0
93,2025,2025-26 English Premier League,Fulham,Midfielder,Harrison Reed,6,30,England,"5' 11""",159 lbs,0,0,0,0,0,0,0,0,0,0,0,0,0,0,0
124,2025,2025-26 English Premier League,Fulham,Midfielder,Andreas Pereira,8,29,Brazil,"5' 10""",157 lbs,0,0,0,0,0,0,0,0,0,0,0,0,0,0,0
138,2025,2025-26 English Premier League,Fulham,Midfielder,Sander Berge,-1,27,Norway,"6' 5""",212 lbs,7,0,0,0,1,1,0,0,0,0,11,9,2,1,0
142,2025,2025-26 English Premier League,Fulham,Midfielder,Sasa Lukic,-1,29,Serbia,"6' 0""",168 lbs,7,0,0,1,6,1,0,0,0,0,8,22,12,4,0
203,2025,2025-26 English Premier League,Fulham,Midfielder,Ryan Sessegnon,30,25,England,"5' 10""",152 lbs,6,0,1,0,2,2,1,0,0,0,10,11,2,0,0
270,2025,2025-26 English Premier League,Fulham,Midfielder,Emile Smith Rowe,32,25,England,"6' 0""",172 lbs,7,7,1,0,3,1,0,0,0,0,1,1,2,0,0
531,2025,2025-26 English Premier League,Fulham,Midfielder,Josh King,-1,18,England,"6' 2""",161 lbs,7,0,0,0,10,5,0,0,0,0,8,4,9,2,0
32,2025,2025-26 English Premier League,Fulham,Forward,Joshua King,7,33,Norway,"5' 11""",161 lbs,1,0,0,0,1,1,0,0,0,0,1,0,2,0,0
64,2025,2025-26 English Premier League,Fulham,Forward,Raúl Jiménez,7,34,Mexico,"6' 3""",168 lbs,6,4,1,0,5,1,2,0,0,0,1,7,0,0,0
77,2025,2025-26 English Premier League,Fulham,Forward,Alex Iwobi,-1,29,Nigeria,"5' 11""",163 lbs,7,0,1,2,10,3,1,0,0,0,10,3,2,1,0
99,2025,2025-26 English Premier League,Fulham,Forward,Harry Wilson,8,28,Wales,"5' 8""",139 lbs,7,2,1,0,9,3,3,0,0,0,5,4,9,1,0
140,2025,2025-26 English Premier League,Fulham,Forward,Adama Traoré,11,29,Spain,"5' 10""",190 lbs,5,5,0,0,1,0,3,0,0,0,4,4,1,0,0
154,2025,2025-26 English Premier League,Fulham,Forward,Samuel Chukwueze,-1,26,Nigeria,"5' 8""",152 lbs,2,2,0,1,2,0,0,0,0,0,3,0,2,0,0
376,2025,2025-26 English Premier League,Fulham,Forward,Rodrigo Muniz,9,24,Brazil,"5' 10""",148 lbs,5,1,1,1,8,2,3,1,0,0,4,9,5,1,0
446,2025,2025-26 English Premier League,Fulham,Forward,Kevin,22,22,Brazil,"5' 9""",157 lbs,4,4,0,0,2,2,0,0,0,0,3,0,2,1,0
505,2025,2025-26 English Premier League,Fulham,Forward,Jonah Kusi-Asare,-1,18,Sweden,"6' 5""",183 lbs,0,0,0,0,0,0,0,0,0,0,0,0,0,0,0
25,2025,2025-26 English Premier League,Leeds United,Goalkeeper,Karl Darlow,26,34,Wales,"6' 3""",192 lbs,4,0,0,0,0,0,0,0,0,12,6,0,4,0,0
231,2025,2025-26 English Premier League,Leeds United,Goalkeeper,Lucas Perri,1,27,Brazil,"6' 6""",214 lbs,3,0,0,0,0,0,0,0,0,3,5,0,0,0,0
267,2025,2025-26 English Premier League,Leeds United,Goalkeeper,Illan Meslier,16,25,France,"6' 6""",161 lbs,0,0,0,0,0,0,0,0,0,0,0,0,0,0,0
146,2025,2025-26 English Premier League,Leeds United,Defender,Sam Byram,25,32,England,"5' 11""",159 lbs,1,1,0,0,0,0,0,0,0,0,1,1,0,0,0
167,2025,2025-26 English Premier League,Leeds United,Defender,James Justin,24,27,England,"6' 0""",174 lbs,3,3,0,0,0,0,0,0,0,0,0,0,0,0,0
169,2025,2025-26 English Premier League,Leeds United,Defender,Joe Rodon,6,27,Wales,"6' 4""",192 lbs,7,0,1,0,6,2,0,0,0,0,11,4,6,0,0
202,2025,2025-26 English Premier League,Leeds United,Defender,Ethan Ampadu,-1,25,Wales,"6' 0""",172 lbs,5,0,0,0,1,0,0,0,0,0,6,7,4,2,0
210,2025,2025-26 English Premier League,Leeds United,Defender,Jayden Bogle,2,25,England,"5' 10""",150 lbs,7,0,0,0,5,1,2,0,0,0,10,9,6,2,0
214,2025,2025-26 English Premier League,Leeds United,Defender,Pascal Struijk,5,26,Netherlands,"6' 3""",172 lbs,7,0,0,0,6,1,1,0,0,0,11,6,2,0,0
218,2025,2025-26 English Premier League,Leeds United,Defender,Gabriel Gudmundsson,-1,26,Sweden,"5' 11""",161 lbs,7,0,0,0,3,0,1,1,0,0,11,7,9,1,0
280,2025,2025-26 English Premier League,Leeds United,Defender,Sebastiaan Bornauw,23,26,Belgium,"6' 3""",179 lbs,0,0,0,0,0,0,0,0,0,0,0,0,0,0,0
291,2025,2025-26 English Premier League,Leeds United,Defender,Jaka Bijol,-1,26,Slovenia,"6' 3""",185 lbs,0,0,0,0,0,0,0,0,0,0,0,0,0,0,0
4,2025,2025-26 English Premier League,Leeds United,Midfielder,Ilia Gruev,44,25,Bulgaria,"6' 1""",159 lbs,4,2,0,0,0,0,0,0,0,0,5,0,0,0,0
114,2025,2025-26 English Premier League,Leeds United,Midfielder,Daniel James,7,27,Wales,"5' 7""",139 lbs,4,1,0,0,5,0,0,0,0,0,4,0,4,0,0
228,2025,2025-26 English Premier League,Leeds United,Midfielder,Sean Longstaff,8,27,England,"5' 11""",141 lbs,7,2,1,1,8,2,0,0,0,0,7,4,8,0,0
234,2025,2025-26 English Premier League,Leeds United,Midfielder,Ao Tanaka,22,27,Japan,"5' 11""",163 lbs,5,3,0,0,2,0,0,0,0,0,5,2,2,0,0
249,2025,2025-26 English Premier League,Leeds United,Midfielder,Brenden Aaronson,11,24,USA,"5' 10""",150 lbs,7,3,0,0,8,3,0,0,0,0,5,3,13,1,0
388,2025,2025-26 English Premier League,Leeds United,Midfielder,Anton Stach,18,26,Germany,"6' 4""",190 lbs,7,0,1,1,12,2,0,0,0,0,11,11,10,1,0
106,2025,2025-26 English Premier League,Leeds United,Forward,Dominic Calvert-Lewin,9,28,England,"6' 2""",157 lbs,5,1,1,0,9,7,4,0,0,0,4,8,6,0,0
110,2025,2025-26 English Premier League,Leeds United,Forward,Jack Harrison,20,28,England,"5' 9""",152 lbs,6,6,0,0,2,1,0,0,0,0,2,0,3,0,0
212,2025,2025-26 English Premier League,Leeds United,Forward,Joël Piroe,10,26,Netherlands,"5' 11""",161 lbs,3,1,0,0,4,2,0,0,0,0,4,1,0,0,0
244,2025,2025-26 English Premier League,Leeds United,Forward,Lukas Nmecha,14,26,Germany,"6' 1""",174 lbs,7,6,1,0,3,1,0,0,0,0,3,4,4,0,0
279,2025,2025-26 English Premier League,Leeds United,Forward,Noah Okafor,19,25,Switzerland,"6' 1""",185 lbs,5,1,2,0,6,2,0,0,0,0,5,5,5,2,0
343,2025,2025-26 English Premier League,Leeds United,Forward,Largie Ramazani,17,24,Belgium,"5' 6""",119 lbs,0,0,0,0,0,0,0,0,0,0,0,0,0,0,0
360,2025,2025-26 English Premier League,Leeds United,Forward,Wilfried Gnonto,29,21,Italy,"5' 8""",141 lbs,4,1,0,0,5,0,0,0,0,0,5,1,0,1,0
507,2025,2025-26 English Premier League,Leeds United,Forward,Harry Gray,-1,16,England,NaN,NaN,0,0,0,0,0,0,0,0,0,0,0,0,0,0,0
97,2025,2025-26 English Premier League,Liverpool,Goalkeeper,Freddie Woodman,28,28,England,"6' 2""",183 lbs,0,0,0,0,0,0,0,0,0,0,0,0,0,0,0
103,2025,2025-26 English Premier League,Liverpool,Goalkeeper,Alisson Becker,1,33,Brazil,"6' 4""",201 lbs,6,0,0,0,0,0,0,0,0,9,7,0,3,0,0
292,2025,2025-26 English Premier League,Liverpool,Goalkeeper,Giorgi Mamardashvili,25,25,Georgia,"6' 6""",196 lbs,1,0,0,0,0,0,0,0,0,4,2,0,1,0,0
11,2025,2025-26 English Premier League,Liverpool,Defender,Joe Gomez,2,28,England,"6' 2""",174 lbs,2,2,0,0,0,0,0,0,0,0,1,0,0,0,0
13,2025,2025-26 English Premier League,Liverpool,Defender,Andrew Robertson,-1,31,Scotland,"5' 10""",139 lbs,3,3,0,0,2,1,1,0,0,0,3,0,0,0,0
53,2025,2025-26 English Premier League,Liverpool,Defender,Virgil van Dijk,4,34,Netherlands,"6' 5""",203 lbs,7,0,0,0,2,1,0,0,0,0,9,2,5,1,0
219,2025,2025-26 English Premier League,Liverpool,Defender,Conor Bradley,-1,22,Northern Ireland,"5' 11""",139 lbs,5,2,0,0,2,0,0,0,0,0,4,9,5,3,0
227,2025,2025-26 English Premier League,Liverpool,Defender,Ibrahima Konaté,5,26,France,"6' 4""",207 lbs,7,0,0,0,3,0,0,0,0,0,7,7,5,2,0
306,2025,2025-26 English Premier League,Liverpool,Defender,Jeremie Frimpong,30,24,Netherlands,"5' 7""",139 lbs,3,2,0,0,2,1,0,0,0,0,1,1,1,0,0
428,2025,2025-26 English Premier League,Liverpool,Defender,Milos Kerkez,-1,21,Hungary,"5' 11""",157 lbs,7,0,0,0,2,0,0,0,0,0,6,5,5,2,0
516,2025,2025-26 English Premier League,Liverpool,Defender,Giovanni Leoni,15,18,Italy,"6' 5""",168 lbs,0,0,0,0,0,0,0,0,0,0,0,0,0,0,0
46,2025,2025-26 English Premier League,Liverpool,Midfielder,Wataru Endo,3,32,Japan,"5' 10""",168 lbs,4,4,0,1,0,0,0,0,0,0,3,1,1,1,0
87,2025,2025-26 English Premier League,Liverpool,Midfielder,Curtis Jones,17,24,England,"6' 1""",172 lbs,6,5,0,0,2,0,0,0,0,0,5,1,2,0,0
216,2025,2025-26 English Premier League,Liverpool,Midfielder,Alexis Mac Allister,10,26,Argentina,"5' 9""",150 lbs,6,0,0,1,5,1,0,0,0,0,4,3,6,0,0
240,2025,2025-26 English Premier League,Liverpool,Midfielder,Dominik Szoboszlai,8,24,Hungary,"6' 1""",161 lbs,7,0,1,0,16,3,0,0,0,0,9,8,4,2,0
289,2025,2025-26 English Premier League,Liverpool,Midfielder,Ryan Gravenberch,-1,23,Netherlands,"6' 3""",183 lbs,6,0,2,1,10,4,0,0,0,0,7,3,7,2,0
305,2025,2025-26 English Premier League,Liverpool,Midfielder,Harvey Elliott,9,22,England,"5' 7""",139 lbs,4,3,0,0,3,0,0,0,0,0,2,0,2,0,0
381,2025,2025-26 English Premier League,Liverpool,Midfielder,Florian Wirtz,-1,22,Germany,"5' 9""",152 lbs,7,2,0,0,9,3,0,0,0,0,5,5,4,1,0
482,2025,2025-26 English Premier League,Liverpool,Midfielder,Trey Nyoni,42,18,England,"5' 11""",163 lbs,0,0,0,0,0,0,0,0,0,0,0,0,0,0,0
75,2025,2025-26 English Premier League,Liverpool,Forward,Mohamed Salah,11,33,Egypt,"5' 9""",157 lbs,7,0,2,2,12,5,3,0,0,0,9,4,5,0,0
175,2025,2025-26 English Premier League,Liverpool,Forward,Federico Chiesa,14,27,Italy,"5' 9""",152 lbs,5,5,2,0,5,2,0,0,0,0,2,2,2,1,0
182,2025,2025-26 English Premier League,Liverpool,Forward,Alexander Isak,9,26,Sweden,"6' 4""",170 lbs,3,1,0,1,4,0,0,0,0,0,2,1,0,0,0
217,2025,2025-26 English Premier League,Liverpool,Forward,Cody Gakpo,18,26,Netherlands,"6' 4""",168 lbs,7,1,2,2,16,4,4,0,0,0,8,8,13,0,0
389,2025,2025-26 English Premier League,Liverpool,Forward,Hugo Ekitike,22,23,France,"6' 3""",168 lbs,6,1,3,1,10,4,0,0,0,0,4,5,2,0,0
451,2025,2025-26 English Premier League,Liverpool,Forward,Ben Gannon Doak,-1,19,Scotland,"5' 9""",141 lbs,1,1,0,0,1,0,0,0,0,0,0,0,0,0,0
514,2025,2025-26 English Premier League,Liverpool,Forward,Rio Ngumoha,73,17,England,"5' 7""",163 lbs,3,3,1,0,1,1,0,0,0,0,1,0,1,0,0
43,2025,2025-26 English Premier League,Manchester City,Goalkeeper,Stefan Ortega,18,32,Germany,"6' 1""",192 lbs,0,0,0,0,0,0,0,0,0,0,0,0,0,0,0
78,2025,2025-26 English Premier League,Manchester City,Goalkeeper,Ederson,31,32,Brazil,"6' 2""",190 lbs,0,0,0,0,0,0,0,0,0,0,0,0,0,0,0
134,2025,2025-26 English Premier League,Manchester City,Goalkeeper,Gianluigi Donnarumma,-1,26,Italy,"6' 5""",196 lbs,4,0,0,0,0,0,0,0,0,6,2,0,0,1,0
397,2025,2025-26 English Premier League,Manchester City,Goalkeeper,James Trafford,1,22,England,"6' 6""",183 lbs,3,0,0,0,0,0,0,0,0,11,4,0,1,0,0
54,2025,2025-26 English Premier League,Manchester City,Defender,John Stones,5,31,England,"6' 2""",174 lbs,4,1,0,0,0,0,0,0,0,0,5,0,0,0,0
56,2025,2025-26 English Premier League,Manchester City,Defender,Nathan Aké,6,30,Netherlands,"5' 11""",163 lbs,4,4,0,0,2,0,0,0,0,0,3,0,3,0,0
129,2025,2025-26 English Premier League,Manchester City,Defender,Manuel Akanji,25,30,Switzerland,"6' 2""",201 lbs,0,0,0,0,0,0,0,0,0,0,0,0,0,0,0
178,2025,2025-26 English Premier League,Manchester City,Defender,Rúben Dias,3,28,Portugal,"6' 2""",168 lbs,7,1,0,0,0,0,0,0,0,0,5,4,3,0,0
283,2025,2025-26 English Premier League,Manchester City,Defender,Rayan Aït-Nouri,21,24,Algeria,"5' 11""",152 lbs,3,0,0,0,2,0,0,0,0,0,2,4,1,1,0
367,2025,2025-26 English Premier League,Manchester City,Defender,Josko Gvardiol,-1,23,Croatia,"6' 1""",174 lbs,4,0,0,1,3,1,0,0,0,0,2,1,1,0,0
437,2025,2025-26 English Premier League,Manchester City,Defender,Rico Lewis,-1,20,England,"5' 7""",139 lbs,4,2,0,1,1,0,0,0,0,0,3,1,3,0,0
494,2025,2025-26 English Premier League,Manchester City,Defender,Abdukodir Khusanov,45,21,Uzbekistan,"6' 1""",183 lbs,4,1,0,0,0,0,0,0,0,0,1,3,3,1,0
508,2025,2025-26 English Premier League,Manchester City,Defender,Stephen Mfuni,-1,17,England,NaN,NaN,0,0,0,0,0,0,0,0,0,0,0,0,0,0,0
26,2025,2025-26 English Premier League,Manchester City,Midfielder,Ilkay Gündogan,20,34,Germany,"5' 11""",174 lbs,0,0,0,0,0,0,0,0,0,0,0,0,0,0,0
48,2025,2025-26 English Premier League,Manchester City,Midfielder,Mateo Kovacic,-1,31,Croatia,"5' 10""",172 lbs,0,0,0,0,0,0,0,0,0,0,0,0,0,0,0
109,2025,2025-26 English Premier League,Manchester City,Midfielder,Bernardo Silva,20,31,Portugal,"5' 8""",141 lbs,7,3,0,1,1,0,0,0,0,0,2,7,5,1,0
165,2025,2025-26 English Premier League,Manchester City,Midfielder,Rodri,16,29,Spain,"6' 3""",181 lbs,5,1,0,0,3,1,0,0,0,0,3,1,5,0,0
221,2025,2025-26 English Premier League,Manchester City,Midfielder,Phil Foden,47,25,England,"5' 7""",139 lbs,5,1,1,0,9,3,0,0,0,0,1,3,3,1,0
256,2025,2025-26 English Premier League,Manchester City,Midfielder,Tijjani Reijnders,4,27,Netherlands,"5' 10""",161 lbs,7,0,1,2,14,5,1,0,0,0,6,4,6,1,0
361,2025,2025-26 English Premier League,Manchester City,Midfielder,Rayan Cherki,10,22,France,"5' 11""",157 lbs,2,1,1,0,1,1,0,0,0,0,2,1,0,0,0
382,2025,2025-26 English Premier League,Manchester City,Midfielder,Matheus Nunes,-1,27,Portugal,"6' 0""",172 lbs,5,2,1,0,2,1,0,0,0,0,3,3,3,1,0
395,2025,2025-26 English Premier League,Manchester City,Midfielder,Oscar Bobb,52,22,Norway,"5' 10""",152 lbs,6,2,0,1,2,0,0,0,0,0,4,3,9,0,0
429,2025,2025-26 English Premier League,Manchester City,Midfielder,Nico González,14,23,Spain,"6' 2""",192 lbs,6,3,0,0,3,0,0,0,0,0,4,4,6,1,0
441,2025,2025-26 English Premier League,Manchester City,Midfielder,Nico O'Reilly,33,20,England,"5' 10""",170 lbs,6,2,0,0,3,0,0,0,0,0,2,4,0,2,0
489,2025,2025-26 English Premier League,Manchester City,Midfielder,Divine Mukasa,63,18,England,"5' 11""",NaN,0,0,0,0,0,0,0,0,0,0,0,0,0,0,0
235,2025,2025-26 English Premier League,Manchester City,Forward,Erling Haaland,9,25,Norway,"6' 5""",192 lbs,7,0,9,1,29,14,0,0,0,0,5,7,3,0,0
319,2025,2025-26 English Premier League,Manchester City,Forward,Jérémy Doku,-1,23,Belgium,"5' 8""",146 lbs,7,3,0,3,4,3,2,0,0,0,2,5,10,0,0
380,2025,2025-26 English Premier League,Manchester City,Forward,Omar Marmoush,7,26,Egypt,"5' 11""",179 lbs,3,1,0,1,5,2,0,0,0,0,3,1,5,0,0
386,2025,2025-26 English Premier League,Manchester City,Forward,Savinho,26,21,Brazil,"5' 10""",146 lbs,4,2,0,0,2,1,3,0,0,0,2,1,5,0,0
525,2025,2025-26 English Premier League,Manchester City,Forward,Ryan Mcaidoo,-1,17,England,NaN,NaN,0,0,0,0,0,0,0,0,0,0,0,0,0,0,0
5,2025,2025-26 English Premier League,Manchester United,Goalkeeper,Tom Heaton,22,39,England,"6' 2""",185 lbs,0,0,0,0,0,0,0,0,0,0,0,0,0,0,0
130,2025,2025-26 English Premier League,Manchester United,Goalkeeper,André Onana,-1,29,Cameroon,"6' 3""",203 lbs,0,0,0,0,0,0,0,0,0,0,0,0,0,0,0
287,2025,2025-26 English Premier League,Manchester United,Goalkeeper,Altay Bayindir,-1,27,Turkey,"6' 6""",192 lbs,6,0,0,0,0,0,0,0,0,13,11,0,3,0,0
372,2025,2025-26 English Premier League,Manchester United,Goalkeeper,Senne Lammens,31,23,Belgium,"6' 4""",152 lbs,1,0,0,0,0,0,0,0,0,3,0,0,0,0,0
52,2025,2025-26 English Premier League,Manchester United,Defender,Harry Maguire,5,32,England,"6' 4""",196 lbs,6,4,0,1,3,0,0,0,0,0,3,3,0,0,0
65,2025,2025-26 English Premier League,Manchester United,Defender,Luke Shaw,23,30,England,"5' 10""",174 lbs,7,0,0,0,1,0,0,0,0,0,10,9,0,0,0
189,2025,2025-26 English Premier League,Manchester United,Defender,Diogo Dalot,2,26,Portugal,"6' 0""",172 lbs,5,1,0,1,2,0,1,0,0,0,7,3,1,0,0
192,2025,2025-26 English Premier League,Manchester United,Defender,Matthijs de Ligt,4,26,Netherlands,"6' 2""",194 lbs,7,0,0,0,5,1,0,0,0,0,11,4,3,0,0
193,2025,2025-26 English Premier League,Manchester United,Defender,Noussair Mazraoui,3,27,Morocco,"6' 0""",139 lbs,3,1,0,0,0,0,0,0,0,0,2,2,3,0,0
460,2025,2025-26 English Premier League,Manchester United,Defender,Leny Yoro,-1,19,France,"6' 3""",183 lbs,7,2,0,0,3,0,0,0,0,0,8,3,0,0,0
472,2025,2025-26 English Premier League,Manchester United,Defender,Tyler Fredricson,33,20,England,"6' 0""",152 lbs,0,0,0,0,0,0,0,0,0,0,0,0,0,0,0
481,2025,2025-26 English Premier League,Manchester United,Defender,Ayden Heaven,26,19,England,"6' 2""",170 lbs,1,1,0,0,0,0,0,0,0,0,0,0,0,0,0
499,2025,2025-26 English Premier League,Manchester United,Defender,Patrick Dorgu,-1,20,Denmark,"6' 1""",150 lbs,6,1,0,1,4,0,3,0,0,0,8,8,18,2,0
520,2025,2025-26 English Premier League,Manchester United,Defender,Diego León,-1,18,Paraguay,"5' 10""",181 lbs,0,0,0,0,0,0,0,0,0,0,0,0,0,0,0
20,2025,2025-26 English Premier League,Manchester United,Midfielder,Bruno Fernandes,-1,31,Portugal,"5' 10""",146 lbs,7,0,2,0,16,6,0,0,0,0,11,6,13,2,0
74,2025,2025-26 English Premier League,Manchester United,Midfielder,Casemiro,-1,33,Brazil,"6' 1""",183 lbs,6,1,1,0,5,1,0,0,0,0,3,5,3,2,1
162,2025,2025-26 English Premier League,Manchester United,Midfielder,Mason Mount,7,26,England,"5' 11""",168 lbs,6,2,1,0,4,1,0,0,0,0,3,3,3,0,0
204,2025,2025-26 English Premier League,Manchester United,Midfielder,Manuel Ugarte,-1,24,Uruguay,"6' 0""",170 lbs,6,4,0,0,2,0,0,0,0,0,7,9,3,0,0
442,2025,2025-26 English Premier League,Manchester United,Midfielder,Kobbie Mainoo,37,20,England,"5' 9""",159 lbs,5,5,0,0,2,0,1,0,0,0,4,1,1,0,0
250,2025,2025-26 English Premier League,Manchester United,Forward,Jadon Sancho,19,25,England,"5' 11""",168 lbs,1,1,0,0,1,0,0,0,0,0,0,0,0,0,0
252,2025,2025-26 English Premier League,Manchester United,Forward,Matheus Cunha,10,26,Brazil,"6' 0""",168 lbs,6,2,0,0,15,7,0,0,0,0,6,3,10,0,0
281,2025,2025-26 English Premier League,Manchester United,Forward,Bryan Mbeumo,19,26,Cameroon,"5' 8""",139 lbs,7,0,1,1,17,7,2,0,0,0,10,3,11,0,0
296,2025,2025-26 English Premier League,Manchester United,Forward,Joshua Zirkzee,11,24,Netherlands,"6' 4""",183 lbs,3,3,0,0,8,1,0,0,0,0,3,0,1,0,0
334,2025,2025-26 English Premier League,Manchester United,Forward,Benjamin Sesko,-1,22,Slovenia,"6' 5""",185 lbs,7,3,2,0,12,6,0,0,0,0,7,8,1,0,0
348,2025,2025-26 English Premier League,Manchester United,Forward,Amad,16,23,Ivory Coast,"5' 8""",159 lbs,6,1,0,0,11,4,4,0,0,0,6,0,10,0,0
435,2025,2025-26 English Premier League,Manchester United,Forward,Alejandro Garnacho,49,21,Argentina,"5' 11""",161 lbs,1,1,0,0,0,0,0,0,0,0,1,0,0,0,0
59,2025,2025-26 English Premier League,Newcastle United,Goalkeeper,Nick Pope,1,33,England,"6' 3""",168 lbs,7,0,0,0,0,0,0,0,0,19,5,0,0,1,0
183,2025,2025-26 English Premier League,Newcastle United,Goalkeeper,Aaron Ramsdale,32,27,England,"6' 3""",192 lbs,0,0,0,0,0,0,0,0,0,0,0,0,0,0,0
15,2025,2025-26 English Premier League,Newcastle United,Defender,Lewis Hall,3,21,England,"5' 10""",161 lbs,3,2,0,0,1,0,0,0,0,0,1,1,4,0,0
34,2025,2025-26 English Premier League,Newcastle United,Defender,Kieran Trippier,2,35,England,"5' 10""",157 lbs,6,1,0,0,0,0,0,0,0,0,4,9,4,0,0
51,2025,2025-26 English Premier League,Newcastle United,Defender,Jamaal Lascelles,6,31,England,"6' 2""",194 lbs,2,2,0,0,1,0,0,0,0,0,2,0,0,0,0
73,2025,2025-26 English Premier League,Newcastle United,Defender,Emil Krafth,17,31,Sweden,"6' 0""",183 lbs,0,0,0,0,0,0,0,0,0,0,0,0,0,0,0
80,2025,2025-26 English Premier League,Newcastle United,Defender,Fabian Schär,5,33,Switzerland,"6' 1""",183 lbs,4,0,0,0,4,0,0,0,0,0,2,5,3,0,0
107,2025,2025-26 English Premier League,Newcastle United,Defender,Dan Burn,33,33,England,"6' 6""",192 lbs,7,0,0,1,2,0,0,0,0,0,5,12,6,2,0
290,2025,2025-26 English Premier League,Newcastle United,Defender,Sven Botman,4,25,Netherlands,"6' 4""",179 lbs,5,1,0,0,1,1,0,0,0,0,2,4,0,0,0
366,2025,2025-26 English Premier League,Newcastle United,Defender,Valentino Livramento,21,22,England,"6' 0""",141 lbs,6,0,0,1,0,0,0,0,0,0,3,3,8,0,0
379,2025,2025-26 English Premier League,Newcastle United,Defender,Malick Thiaw,12,24,Germany,"6' 3""",174 lbs,4,1,0,0,4,2,0,0,0,0,3,4,1,1,0
71,2025,2025-26 English Premier League,Newcastle United,Midfielder,Jacob Murphy,23,30,England,"5' 10""",161 lbs,6,2,0,1,12,5,1,0,0,0,0,0,1,0,0
113,2025,2025-26 English Premier League,Newcastle United,Midfielder,Joelinton,7,29,Brazil,"6' 1""",179 lbs,5,0,0,0,6,2,0,0,0,0,3,8,4,2,0
137,2025,2025-26 English Premier League,Newcastle United,Midfielder,Bruno Guimarães,39,27,Brazil,"6' 0""",161 lbs,6,0,2,0,4,2,0,0,0,0,5,15,19,2,0
208,2025,2025-26 English Premier League,Newcastle United,Midfielder,Harvey Barnes,11,27,England,"5' 9""",146 lbs,7,4,0,0,8,1,1,0,0,0,3,3,4,0,0
248,2025,2025-26 English Premier League,Newcastle United,Midfielder,Joe Willock,28,26,England,"5' 10""",157 lbs,2,1,0,0,1,0,0,0,0,0,0,2,1,0,0
254,2025,2025-26 English Premier League,Newcastle United,Midfielder,Sandro Tonali,-1,25,Italy,"5' 11""",172 lbs,7,0,0,1,9,3,0,0,0,0,4,3,9,0,0
327,2025,2025-26 English Premier League,Newcastle United,Midfielder,Jacob Ramsey,41,24,England,"5' 11""",163 lbs,2,1,0,0,1,0,0,0,0,0,1,0,0,0,0
476,2025,2025-26 English Premier League,Newcastle United,Midfielder,Lewis Miley,67,19,England,"6' 1""",159 lbs,5,4,0,0,1,0,1,0,0,0,1,0,0,0,0
181,2025,2025-26 English Premier League,Newcastle United,Forward,Alexander Isak,9,26,Sweden,"6' 4""",170 lbs,2,1,0,0,3,0,0,0,0,0,1,1,0,0,0
275,2025,2025-26 English Premier League,Newcastle United,Forward,Anthony Gordon,-1,24,England,"6' 0""",159 lbs,4,0,0,0,12,4,1,0,0,0,1,4,7,0,1
356,2025,2025-26 English Premier League,Newcastle United,Forward,Anthony Elanga,-1,23,Sweden,"5' 10""",152 lbs,7,4,0,0,3,1,0,0,0,0,5,0,7,0,0
363,2025,2025-26 English Premier League,Newcastle United,Forward,Nick Woltemade,27,23,Germany,"6' 6""",196 lbs,4,0,3,0,7,3,1,0,0,0,0,3,5,0,0
422,2025,2025-26 English Premier League,Newcastle United,Forward,William Osula,18,22,Denmark,"5' 11""",179 lbs,7,6,1,0,3,1,0,0,0,0,3,11,1,0,0
506,2025,2025-26 English Premier League,Newcastle United,Forward,Park Seung-Soo,64,18,NaN,"6' 0""",137 lbs,0,0,0,0,0,0,0,0,0,0,0,0,0,0,0
81,2025,2025-26 English Premier League,Nottingham Forest,Goalkeeper,Matz Sels,26,33,Belgium,"6' 2""",163 lbs,7,0,0,0,0,0,0,0,0,25,12,0,0,1,0
83,2025,2025-26 English Premier League,Nottingham Forest,Goalkeeper,Angus Gunn,18,29,Scotland,"6' 5""",170 lbs,0,0,0,0,0,0,0,0,0,0,0,0,0,0,0
171,2025,2025-26 English Premier League,Nottingham Forest,Goalkeeper,John,13,29,Brazil,"6' 5""",201 lbs,0,0,0,0,0,0,0,0,0,0,0,0,0,0,0
44,2025,2025-26 English Premier League,Nottingham Forest,Defender,Willy Boly,30,34,Ivory Coast,"6' 5""",203 lbs,0,0,0,0,0,0,0,0,0,0,0,0,0,0,0
112,2025,2025-26 English Premier League,Nottingham Forest,Defender,Morato,4,24,Brazil,"6' 4""",192 lbs,4,0,0,0,1,0,0,0,0,0,6,5,1,2,0
120,2025,2025-26 English Premier League,Nottingham Forest,Defender,Ola Aina,-1,28,Nigeria,"6' 0""",181 lbs,3,0,0,0,2,0,0,0,0,0,5,5,3,1,0
136,2025,2025-26 English Premier League,Nottingham Forest,Defender,Oleksandr Zinchenko,35,28,Ukraine,"5' 9""",139 lbs,2,0,0,0,3,1,1,0,0,0,2,1,2,0,0
190,2025,2025-26 English Premier League,Nottingham Forest,Defender,Nikola Milenkovic,31,27,Serbia,"6' 5""",196 lbs,7,0,0,0,2,0,0,0,0,0,12,3,2,1,0
349,2025,2025-26 English Premier League,Nottingham Forest,Defender,Neco Williams,3,24,Wales,"6' 0""",159 lbs,7,0,1,0,6,3,1,0,0,0,12,10,11,4,0
456,2025,2025-26 English Premier League,Nottingham Forest,Defender,Jair Paula,23,20,Brazil,"6' 6""",192 lbs,1,0,0,0,0,0,0,0,0,0,2,0,0,0,0
457,2025,2025-26 English Premier League,Nottingham Forest,Defender,Murillo,5,23,Brazil,"5' 11""",163 lbs,4,0,0,0,0,0,0,0,0,0,6,4,2,1,0
473,2025,2025-26 English Premier League,Nottingham Forest,Defender,Zach Abbott,-1,19,England,"5' 11""",152 lbs,0,0,0,0,0,0,0,0,0,0,0,0,0,0,0
522,2025,2025-26 English Premier League,Nottingham Forest,Defender,Nicolò Savona,37,22,Italy,"6' 4""",174 lbs,2,1,0,0,0,0,0,0,0,0,4,2,1,0,0
126,2025,2025-26 English Premier League,Nottingham Forest,Midfielder,Ibrahim Sangaré,-1,27,Ivory Coast,"6' 3""",170 lbs,5,1,0,0,2,0,0,0,0,0,6,6,1,0,0
188,2025,2025-26 English Premier League,Nottingham Forest,Midfielder,Elliot Anderson,8,22,England,"5' 10""",150 lbs,7,0,0,1,9,2,1,0,0,0,12,8,15,2,0
201,2025,2025-26 English Premier League,Nottingham Forest,Midfielder,Ryan Yates,22,27,England,"6' 3""",192 lbs,4,3,0,0,1,1,0,0,0,0,2,4,1,1,0
209,2025,2025-26 English Premier League,Nottingham Forest,Midfielder,Morgan Gibbs-White,-1,25,England,"5' 7""",146 lbs,7,1,0,1,14,3,0,0,0,0,10,6,9,0,0
236,2025,2025-26 English Premier League,Nottingham Forest,Midfielder,Nicolás Domínguez,16,27,Argentina,"5' 10""",161 lbs,1,0,0,0,0,0,0,0,0,0,1,2,0,1,0
364,2025,2025-26 English Premier League,Nottingham Forest,Midfielder,James McAtee,24,22,England,"5' 11""",159 lbs,4,3,0,0,1,0,0,0,0,0,5,2,3,0,0
423,2025,2025-26 English Premier League,Nottingham Forest,Midfielder,Douglas Luiz,12,27,Brazil,"5' 9""",146 lbs,1,0,0,0,1,0,0,0,0,0,1,1,2,0,0
29,2025,2025-26 English Premier League,Nottingham Forest,Forward,Chris Wood,11,33,New Zealand,"6' 3""",179 lbs,7,0,2,0,16,6,3,0,0,0,7,5,4,0,0
98,2025,2025-26 English Premier League,Nottingham Forest,Forward,Taiwo Awoniyi,9,28,Nigeria,"6' 0""",183 lbs,0,0,0,0,0,0,0,0,0,0,0,0,0,0,0
257,2025,2025-26 English Premier League,Nottingham Forest,Forward,Callum Hudson-Odoi,7,24,England,"6' 0""",168 lbs,7,3,1,0,6,4,1,0,0,0,7,3,3,0,0
294,2025,2025-26 English Premier League,Nottingham Forest,Forward,Dan Ndoye,14,24,Switzerland,"6' 0""",172 lbs,7,0,1,1,2,1,0,0,0,0,8,5,6,0,0
331,2025,2025-26 English Premier League,Nottingham Forest,Forward,Igor Jesus,19,24,Brazil,"5' 11""",161 lbs,6,6,0,0,4,2,0,0,0,0,4,3,1,0,0
353,2025,2025-26 English Premier League,Nottingham Forest,Forward,Arnaud Kalimuendo,15,23,France,"5' 10""",172 lbs,5,5,0,0,3,0,0,0,0,0,2,1,0,0,0
357,2025,2025-26 English Premier League,Nottingham Forest,Forward,Dilane Bakwa,29,23,France,"5' 11""",163 lbs,4,2,0,0,3,3,0,0,0,0,4,3,4,0,0
427,2025,2025-26 English Premier League,Nottingham Forest,Forward,Omari Hutchinson,21,21,England,"5' 9""",141 lbs,4,4,0,0,4,2,1,0,0,0,2,1,0,0,0
465,2025,2025-26 English Premier League,Nottingham Forest,Forward,Jota Silva,26,26,Portugal,"5' 10""",170 lbs,1,1,0,0,0,0,0,0,0,0,0,0,1,0,0
309,2025,2025-26 English Premier League,Sunderland,Goalkeeper,Anthony Patterson,1,25,England,"6' 2""",170 lbs,0,0,0,0,0,0,0,0,0,0,0,0,0,0,0
373,2025,2025-26 English Premier League,Sunderland,Goalkeeper,Robin Roefs,22,22,Netherlands,"6' 4""",159 lbs,7,0,0,0,0,0,0,0,0,24,6,0,1,1,0
63,2025,2025-26 English Premier League,Sunderland,Defender,Arthur Masuaku,-1,31,Congo DR,"5' 10""",174 lbs,3,1,0,0,1,0,0,0,0,0,2,3,0,1,0
127,2025,2025-26 English Premier League,Sunderland,Defender,Nordi Mukiele,20,27,France,"6' 2""",183 lbs,5,0,0,0,2,0,0,0,0,0,4,4,4,0,0
131,2025,2025-26 English Premier League,Sunderland,Defender,Omar Alderete,15,28,Paraguay,"6' 2""",170 lbs,7,1,1,1,6,2,0,0,0,0,6,5,2,1,0
158,2025,2025-26 English Premier League,Sunderland,Defender,Reinildo Mandava,-1,31,Mozambique,"6' 0""",161 lbs,5,0,0,0,1,0,0,0,0,0,3,4,9,1,1
262,2025,2025-26 English Premier League,Sunderland,Defender,Lutsharel Geertruida,6,25,Netherlands,"6' 0""",150 lbs,4,4,0,0,1,1,0,0,0,0,0,1,0,0,0
314,2025,2025-26 English Premier League,Sunderland,Defender,Danny Ballard,-1,26,Northern Ireland,"6' 2""",185 lbs,5,3,1,0,7,2,0,0,0,0,1,2,4,0,0
339,2025,2025-26 English Premier League,Sunderland,Defender,Trai Hume,-1,23,Northern Ireland,"5' 11""",163 lbs,7,0,0,0,4,0,0,0,0,0,6,2,6,0,0
405,2025,2025-26 English Premier League,Sunderland,Defender,Jenson Seelt,14,22,Netherlands,"6' 4""",183 lbs,2,1,0,0,0,0,0,0,0,0,2,1,1,0,0
41,2025,2025-26 English Premier League,Sunderland,Midfielder,Granit Xhaka,-1,33,Switzerland,"6' 1""",174 lbs,7,0,0,3,3,2,0,0,0,0,6,10,9,3,0
90,2025,2025-26 English Premier League,Sunderland,Midfielder,Luke O'Nien,13,30,England,"5' 9""",161 lbs,0,0,0,0,0,0,0,0,0,0,0,0,0,0,0
96,2025,2025-26 English Premier League,Sunderland,Midfielder,Patrick Roberts,16,28,England,"5' 6""",128 lbs,1,1,0,0,1,0,0,0,0,0,1,0,0,0,0
317,2025,2025-26 English Premier League,Sunderland,Midfielder,Daniel Neil,4,23,England,"6' 1""",137 lbs,1,1,0,0,0,0,0,0,0,0,0,0,1,0,0
332,2025,2025-26 English Premier League,Sunderland,Midfielder,Enzo Le Fée,28,25,France,"5' 7""",139 lbs,6,2,1,0,2,1,0,0,0,0,5,5,5,0,0
432,2025,2025-26 English Premier League,Sunderland,Midfielder,Habib Diarra,19,21,Senegal,"5' 10""",161 lbs,4,0,0,0,6,1,0,0,0,0,2,4,1,1,0
461,2025,2025-26 English Premier League,Sunderland,Midfielder,Noah Sadiki,-1,20,Belgium,"5' 5""",128 lbs,7,0,0,0,2,0,0,0,0,0,6,9,11,3,0
484,2025,2025-26 English Premier League,Sunderland,Midfielder,Chris Rigg,11,18,England,"5' 10""",141 lbs,4,2,0,0,2,0,0,0,0,0,0,2,0,0,0
496,2025,2025-26 English Premier League,Sunderland,Midfielder,Marc Guiu,38,19,Spain,"6' 2""",181 lbs,2,2,0,0,1,0,0,0,0,0,1,0,0,0,0
517,2025,2025-26 English Premier League,Sunderland,Midfielder,Harrison Jones,50,20,England,"5' 10""",150 lbs,0,0,0,0,0,0,0,0,0,0,0,0,0,0,0
68,2025,2025-26 English Premier League,Sunderland,Forward,Bertrand Traoré,-1,30,Burkina Faso,"5' 11""",161 lbs,2,1,0,0,3,2,0,0,0,0,2,1,2,1,0
265,2025,2025-26 English Premier League,Sunderland,Forward,Wilson Isidor,18,25,France,"6' 1""",172 lbs,7,3,3,0,15,5,2,0,0,0,5,2,1,0,0
311,2025,2025-26 English Premier League,Sunderland,Forward,Brian Brobbey,9,23,Netherlands,"5' 11""",172 lbs,3,3,0,0,0,0,1,0,0,0,0,0,2,0,0
418,2025,2025-26 English Premier League,Sunderland,Forward,Simon Adingra,-1,23,Ivory Coast,"5' 9""",150 lbs,6,2,0,0,1,0,3,0,0,0,4,5,3,1,0
449,2025,2025-26 English Premier League,Sunderland,Forward,Eliezer Mayenda,12,20,Spain,"5' 11""",163 lbs,5,2,1,0,4,2,1,0,0,0,1,3,3,0,0
491,2025,2025-26 English Premier League,Sunderland,Forward,Chemsdine Talbi,7,20,Morocco,"5' 9""",141 lbs,7,1,0,1,8,1,0,0,0,0,2,1,0,0,0
116,2025,2025-26 English Premier League,Tottenham Hotspur,Goalkeeper,Guglielmo Vicario,1,29,Italy,"6' 4""",183 lbs,7,0,0,0,0,0,0,0,0,24,5,0,2,0,0
430,2025,2025-26 English Premier League,Tottenham Hotspur,Goalkeeper,Antonin Kinsky,31,22,Czechia,"6' 3""",183 lbs,0,0,0,0,0,0,0,0,0,0,0,0,0,0,0
1,2025,2025-26 English Premier League,Tottenham Hotspur,Defender,Ben Davies,33,32,Wales,"5' 11""",170 lbs,0,0,0,0,0,0,0,0,0,0,0,0,0,0,0
10,2025,2025-26 English Premier League,Tottenham Hotspur,Defender,Cristian Romero,17,27,Argentina,"6' 1""",172 lbs,7,0,0,1,2,1,0,0,0,0,5,8,6,3,0
220,2025,2025-26 English Premier League,Tottenham Hotspur,Defender,Kevin Danso,-1,27,Austria,"6' 3""",185 lbs,3,3,0,0,0,0,0,0,0,0,0,0,0,0,0
271,2025,2025-26 English Premier League,Tottenham Hotspur,Defender,Djed Spence,24,25,England,"6' 1""",157 lbs,6,1,0,0,2,1,0,0,0,0,2,6,3,2,0
272,2025,2025-26 English Premier League,Tottenham Hotspur,Defender,Pedro Porro,23,26,Spain,"5' 8""",150 lbs,7,1,0,0,4,0,0,0,0,0,4,9,6,1,0
338,2025,2025-26 English Premier League,Tottenham Hotspur,Defender,Destiny Udogie,13,22,Italy,"6' 1""",161 lbs,5,2,0,0,1,0,2,0,0,0,4,3,6,0,0
355,2025,2025-26 English Premier League,Tottenham Hotspur,Defender,Micky van de Ven,37,24,Netherlands,"6' 4""",179 lbs,7,0,1,0,4,1,0,0,0,0,5,5,3,1,0
498,2025,2025-26 English Premier League,Tottenham Hotspur,Defender,Luka Vuskovic,-1,18,Croatia,"6' 4""",190 lbs,0,0,0,0,0,0,0,0,0,0,0,0,0,0,0
132,2025,2025-26 English Premier League,Tottenham Hotspur,Midfielder,Rodrigo Bentancur,30,28,Uruguay,"6' 2""",159 lbs,6,1,0,0,2,0,0,0,0,0,5,2,1,0,0
147,2025,2025-26 English Premier League,Tottenham Hotspur,Midfielder,João Palhinha,6,30,Portugal,"6' 3""",183 lbs,7,1,2,0,8,2,0,0,0,0,5,5,8,2,0
269,2025,2025-26 English Premier League,Tottenham Hotspur,Midfielder,Mohammed Kudus,20,25,Ghana,"5' 10""",152 lbs,7,0,1,4,13,5,4,0,0,0,5,12,7,2,0
358,2025,2025-26 English Premier League,Tottenham Hotspur,Midfielder,Pape Matar Sarr,29,23,Senegal,"6' 1""",152 lbs,6,2,1,2,3,2,0,0,0,0,1,11,4,0,0
440,2025,2025-26 English Premier League,Tottenham Hotspur,Midfielder,Archie Gray,14,19,England,"6' 2""",152 lbs,2,1,0,0,0,0,0,0,0,0,0,3,0,0,0
452,2025,2025-26 English Premier League,Tottenham Hotspur,Midfielder,Xavi Simons,7,22,Netherlands,"5' 10""",128 lbs,4,1,0,1,4,1,0,0,0,0,2,2,4,1,0
485,2025,2025-26 English Premier League,Tottenham Hotspur,Midfielder,Lucas Bergvall,-1,19,Sweden,"6' 2""",161 lbs,6,2,1,1,5,3,0,0,0,0,3,8,3,1,0
50,2025,2025-26 English Premier League,Tottenham Hotspur,Forward,Richarlison,9,28,Brazil,"6' 0""",183 lbs,7,2,3,1,15,5,1,0,0,0,4,6,5,1,0
95,2025,2025-26 English Premier League,Tottenham Hotspur,Forward,Dominic Solanke,19,28,England,"6' 2""",174 lbs,2,2,0,0,2,1,0,0,0,0,0,0,1,0,0
233,2025,2025-26 English Premier League,Tottenham Hotspur,Forward,Randal Kolo Muani,39,26,France,"6' 2""",161 lbs,0,0,0,0,0,0,0,0,0,0,0,0,0,0,0
241,2025,2025-26 English Premier League,Tottenham Hotspur,Forward,Manor Solomon,6,26,Israel,"5' 7""",146 lbs,0,0,0,0,0,0,0,0,0,0,0,0,0,0,0
342,2025,2025-26 English Premier League,Tottenham Hotspur,Forward,Brennan Johnson,-1,24,Wales,"6' 1""",161 lbs,7,4,2,0,4,2,4,0,0,0,1,1,4,1,0
393,2025,2025-26 English Premier League,Tottenham Hotspur,Forward,Dane Scarlett,44,21,England,"5' 11""",168 lbs,0,0,0,0,0,0,0,0,0,0,0,0,0,0,0
433,2025,2025-26 English Premier League,Tottenham Hotspur,Forward,Mathys Tel,11,20,France,"6' 0""",170 lbs,5,3,1,0,4,1,1,0,0,0,1,2,2,0,0
467,2025,2025-26 English Premier League,Tottenham Hotspur,Forward,Wilson Odobert,28,20,France,"6' 0""",168 lbs,7,5,0,0,4,1,0,0,0,0,3,1,0,0,0
8,2025,2025-26 English Premier League,West Ham United,Goalkeeper,Lukasz Fabianski,22,40,Poland,"6' 3""",183 lbs,0,0,0,0,0,0,0,0,0,0,0,0,0,0,0
39,2025,2025-26 English Premier League,West Ham United,Goalkeeper,Alphonse Areola,23,32,France,"6' 5""",205 lbs,3,0,0,0,0,0,0,0,0,9,5,0,0,0,0
308,2025,2025-26 English Premier League,West Ham United,Goalkeeper,Mads Hermansen,-1,25,Denmark,"6' 2""",179 lbs,4,0,0,0,0,0,0,0,0,9,11,0,0,0,0
157,2025,2025-26 English Premier League,West Ham United,Defender,Max Kilman,3,28,England,"6' 4""",194 lbs,7,0,0,0,2,0,0,0,0,0,16,8,0,3,0
173,2025,2025-26 English Premier League,West Ham United,Defender,Igor Julio,5,27,Brazil,"6' 1""",185 lbs,1,1,0,0,0,0,0,0,0,0,0,0,0,0,0
179,2025,2025-26 English Premier League,West Ham United,Defender,Kyle Walker-Peters,2,28,England,"5' 8""",137 lbs,6,2,0,0,3,1,0,0,0,0,6,4,7,1,0
206,2025,2025-26 English Premier League,West Ham United,Defender,Konstantinos Mavropanos,-1,27,Greece,"6' 4""",205 lbs,5,0,0,0,4,1,0,0,0,0,8,3,1,1,0
211,2025,2025-26 English Premier League,West Ham United,Defender,Nayef Aguerd,21,29,Morocco,"6' 3""",168 lbs,2,0,0,0,2,0,0,0,0,0,8,0,1,0,0
223,2025,2025-26 English Premier League,West Ham United,Defender,Aaron Wan-Bissaka,-1,27,England,"6' 0""",159 lbs,3,0,0,0,0,0,0,0,0,0,10,1,2,0,0
297,2025,2025-26 English Premier League,West Ham United,Defender,Jean-Clair Todibo,25,25,France,"6' 4""",192 lbs,2,0,0,0,0,0,1,0,0,0,5,0,1,0,0
478,2025,2025-26 English Premier League,West Ham United,Defender,Oliver Scarles,30,19,England,"6' 0""",163 lbs,0,0,0,0,0,0,0,0,0,0,0,0,0,0,0
490,2025,2025-26 English Premier League,West Ham United,Defender,El Hadji Malick Diouf,12,20,Senegal,"6' 0""",NaN,7,0,0,3,5,2,0,0,0,0,16,10,4,1,0
62,2025,2025-26 English Premier League,West Ham United,Midfielder,James Ward-Prowse,8,30,England,"5' 10""",146 lbs,5,0,0,0,2,0,0,0,0,0,11,4,2,0,0
125,2025,2025-26 English Premier League,West Ham United,Midfielder,Guido Rodríguez,24,31,Argentina,"6' 1""",174 lbs,1,0,0,0,1,0,0,0,0,0,1,0,0,0,0
159,2025,2025-26 English Premier League,West Ham United,Midfielder,Tomás Soucek,-1,30,Czechia,"6' 4""",190 lbs,4,1,0,0,4,3,1,0,0,0,8,3,1,0,1
177,2025,2025-26 English Premier League,West Ham United,Midfielder,Lucas Paquetá,-1,28,Brazil,"5' 11""",159 lbs,7,0,2,0,9,4,0,0,0,0,16,11,12,2,0
191,2025,2025-26 English Premier League,West Ham United,Midfielder,Andrew Irving,39,25,Scotland,"6' 3""",146 lbs,4,4,0,0,0,0,0,0,0,0,1,0,0,0,0
205,2025,2025-26 English Premier League,West Ham United,Midfielder,Edson Álvarez,11,27,Mexico,"6' 2""",161 lbs,0,0,0,0,0,0,0,0,0,0,0,0,0,0,0
406,2025,2025-26 English Premier League,West Ham United,Midfielder,Freddie Potts,32,22,England,"6' 0""",NaN,3,3,0,0,0,0,0,0,0,0,3,0,0,0,0
453,2025,2025-26 English Premier League,West Ham United,Midfielder,Soungoutou Magassa,27,21,France,"6' 2""",174 lbs,4,2,0,0,0,0,0,0,0,0,3,4,1,1,0
470,2025,2025-26 English Premier League,West Ham United,Midfielder,Mateus Fernandes,-1,21,Portugal,"5' 10""",159 lbs,5,0,0,0,2,0,0,0,0,0,7,8,3,0,0
30,2025,2025-26 English Premier League,West Ham United,Forward,Callum Wilson,9,33,England,"5' 11""",146 lbs,5,4,1,0,6,4,1,0,0,0,5,3,3,0,0
69,2025,2025-26 English Premier League,West Ham United,Forward,Niclas Füllkrug,11,32,Germany,"6' 2""",183 lbs,6,1,0,0,8,3,2,0,0,0,9,10,1,0,0
111,2025,2025-26 English Premier League,West Ham United,Forward,Jarrod Bowen,20,28,England,"5' 9""",152 lbs,7,0,3,0,15,7,2,0,0,0,16,3,12,0,0
323,2025,2025-26 English Premier League,West Ham United,Forward,Crysencio Summerville,7,23,Netherlands,"5' 9""",139 lbs,5,1,0,1,4,1,1,0,0,0,7,4,10,1,0
471,2025,2025-26 English Premier League,West Ham United,Forward,Callum Marshall,-1,20,Northern Ireland,"5' 8""",NaN,1,1,0,0,1,0,0,0,0,0,1,0,0,0,0
492,2025,2025-26 English Premier League,West Ham United,Forward,Luis Guilherme,17,19,Brazil,"5' 10""",161 lbs,3,3,0,0,1,0,0,0,0,0,1,0,0,0,0
33,2025,2025-26 English Premier League,Wolverhampton Wanderers,Goalkeeper,Daniel Bentley,25,32,England,"6' 2""",161 lbs,0,0,0,0,0,0,0,0,0,0,0,0,0,0,0
60,2025,2025-26 English Premier League,Wolverhampton Wanderers,Goalkeeper,Sam Johnstone,31,32,England,"6' 4""",185 lbs,3,0,0,0,0,0,0,0,0,10,3,0,0,0,0
82,2025,2025-26 English Premier League,Wolverhampton Wanderers,Goalkeeper,José Sá,1,32,Portugal,"6' 4""",183 lbs,4,0,0,0,0,0,0,0,0,5,11,0,0,0,0
6,2025,2025-26 English Premier League,Wolverhampton Wanderers,Defender,Matt Doherty,2,33,Republic of Ireland,"6' 1""",174 lbs,3,0,0,0,1,0,0,0,0,0,5,8,2,3,0
42,2025,2025-26 English Premier League,Wolverhampton Wanderers,Defender,Ladislav Krejcí,-1,26,Czechia,"6' 3""",192 lbs,4,0,1,0,3,3,0,0,0,0,6,7,2,1,0
86,2025,2025-26 English Premier League,Wolverhampton Wanderers,Defender,Hugo Bueno,3,23,Spain,"5' 11""",161 lbs,7,3,0,0,2,1,0,0,0,0,6,4,2,1,0
200,2025,2025-26 English Premier League,Wolverhampton Wanderers,Defender,Santiago Bueno,-1,26,Uruguay,"6' 3""",168 lbs,4,1,1,0,1,1,0,0,0,0,5,5,1,1,0
322,2025,2025-26 English Premier League,Wolverhampton Wanderers,Defender,Ki-Jana Hoever,26,23,Netherlands,"6' 0""",141 lbs,2,0,0,0,0,0,0,0,0,0,4,0,0,0,0
374,2025,2025-26 English Premier League,Wolverhampton Wanderers,Defender,Yerson Mosquera,15,24,Colombia,"6' 2""",168 lbs,3,1,0,0,2,1,0,0,0,0,4,2,6,0,0
400,2025,2025-26 English Premier League,Wolverhampton Wanderers,Defender,Emmanuel Agbadou,12,28,Ivory Coast,"6' 4""",174 lbs,7,2,0,0,6,2,0,0,0,0,14,4,2,0,0
401,2025,2025-26 English Premier League,Wolverhampton Wanderers,Defender,Rodrigo Gomes,21,22,Portugal,"5' 9""",148 lbs,4,2,1,0,7,2,0,0,0,0,5,2,1,0,0
412,2025,2025-26 English Premier League,Wolverhampton Wanderers,Defender,Jackson Tchatchoua,-1,24,Cameroon,"6' 1""",168 lbs,6,3,0,0,0,0,1,0,0,0,8,0,0,0,0
413,2025,2025-26 English Premier League,Wolverhampton Wanderers,Defender,David Wolfe,-1,23,Norway,"6' 1""",172 lbs,4,2,0,1,0,0,0,0,0,0,5,0,1,0,0
424,2025,2025-26 English Premier League,Wolverhampton Wanderers,Defender,Toti Gomes,24,26,Portugal,"6' 2""",159 lbs,6,1,0,0,2,1,0,0,0,0,13,3,4,1,1
194,2025,2025-26 English Premier League,Wolverhampton Wanderers,Midfielder,Jhon Arias,10,28,Colombia,"5' 7""",170 lbs,7,3,0,0,7,2,1,0,0,0,6,5,0,0,0
195,2025,2025-26 English Premier League,Wolverhampton Wanderers,Midfielder,Jean-Ricner Bellegarde,27,27,Haiti,"5' 7""",152 lbs,7,4,0,0,6,1,0,0,0,0,9,2,8,0,0
268,2025,2025-26 English Premier League,Wolverhampton Wanderers,Midfielder,Marshall Munetsi,-1,29,Zimbabwe,"6' 2""",183 lbs,7,2,0,1,6,2,4,0,0,0,10,11,6,1,0
375,2025,2025-26 English Premier League,Wolverhampton Wanderers,Midfielder,João Gomes,8,24,Brazil,"5' 9""",161 lbs,7,0,0,0,3,0,0,0,0,0,13,17,10,3,0
383,2025,2025-26 English Premier League,Wolverhampton Wanderers,Midfielder,André,7,24,Brazil,"5' 9""",170 lbs,7,2,0,0,1,0,0,0,0,0,9,7,10,2,0
185,2025,2025-26 English Premier League,Wolverhampton Wanderers,Forward,Hwang Hee-Chan,11,29,South Korea,"5' 10""",170 lbs,6,2,1,0,5,2,2,0,0,0,4,5,4,0,0
232,2025,2025-26 English Premier League,Wolverhampton Wanderers,Forward,Jørgen Strand Larsen,-1,25,Norway,"6' 4""",172 lbs,5,1,0,0,8,3,1,0,0,0,5,9,3,0,0
245,2025,2025-26 English Premier League,Wolverhampton Wanderers,Forward,Sasa Kalajdzic,10,28,Austria,"6' 7""",196 lbs,1,1,0,0,0,0,0,0,0,0,0,0,0,0,0
391,2025,2025-26 English Premier League,Wolverhampton Wanderers,Forward,Tolu Arokodare,-1,24,Nigeria,"6' 6""",214 lbs,4,2,0,0,3,1,0,0,0,0,5,2,3,0,0
526,2025,2025-26 English Premier League,Wolverhampton Wanderers,Forward,Fernando López,-1,21,Spain,"6' 2""",168 lbs,4,3,0,1,3,1,0,0,0,0,4,3,0,1,0
